Anz,Beschreibung,Fabrikat/Bez.,Pos.Nr.,Produkt,Typ,Typ 1,Typ 2,Nennweite,Typ/Material,Anlagenbezeichnung,LV-Nummer,Medium,Bestell-NR.,AKS-Nr.,LWA [db(A)],a/b,b/h,l,c,d,d1,d2,h,h1,h2,h3,k1,k3,t,x,y,alpha,Vol(mÂ³/h),dP(Pa),Klappenart,Unnamed: 36,Unnamed: 37,Verbaut
1,AB,01O3ZU0007,300,600,-,100,30,-,30,-,-,500,500,-,-,-,-,-,120,-,-,-,-,-,90,-,V20,V20,V20,-,-,2.65,"Blech verzinkt,BV","Glaswolle Alu kaschiert,GA",2.42,0.8,0,0
1,BA,-,250,450,-,500,30,-,30,-,-,-,-,-,-,-,-,-,120,-,-,-,-,-,90,-,V20,V20,-,-,-,1.55,"Blech verzinkt,BV","Glaswolle Alu kaschiert,GA",1.88,0.6,0,0
1,BA,-,250,450,-,500,30,-,30,-,-,-,-,-,-,-,-,-,120,-,-,-,-,-,90,-,V30,V20,-,-,-,1.55,"Blech verzinkt,BV","Glaswolle Alu kaschiert,GA",1.88,0.6,0,0
1,BA,-,800,800,-,450,30,-,30,-,-,-,-,-,-,-,-,-,120,-,-,-,-,-,90,-,V20,V20,-,-,-,4.82,"Blech verzinkt,BV","Glaswolle Alu kaschiert,GA",5.34,0.8,0,0
1,BA,01O3AB0001,801,200,-,300,30,-,30,-,2.12.70,-,-,-,-,-,-,-,120,-,-,-,-,-,90,-,V30,V20,-,-,-,1.58,"Blech verzinkt,BV","Glaswolle Alu kaschiert,GA",1.87,0.8,0,0
1,BA,01O3AU0001,654,500,-,450,30,-,30,-,2.12.70,-,-,-,-,-,-,-,120,-,-,-,-,-,90,-,V30,V20,-,-,-,2.39,"Blech verzinkt,BV","Glaswolle Alu kaschiert,GA",2.75,0.8,0,0
1,BA,01O3AU0013,450,600,-,800,50,-,50,-,2.12.70,-,-,-,-,-,-,-,0,-,-,-,-,-,90,-,V20,V20,-,-,-,3.39,"Blech verzinkt,BV","Glaswolle Alu kaschiert,GA",3.85,0.8,0,0
1,BA,01O3FO0001,654,200,-,250,30,-,30,-,2.12.70,-,-,-,-,-,-,-,120,-,-,-,-,-,90,-,V30,V20,-,-,-,1.16,"Blech verzinkt,BV","Glaswolle Alu kaschiert,GA",1.41,0.8,0,0
1,BA,01O3FO0021,500,250,-,600,50,-,50,-,2.12.70,-,-,-,-,-,-,-,0,-,-,-,-,-,90,-,V20,V20,-,-,-,2.29,"Blech verzinkt,BV","Glaswolle Alu kaschiert,GA",2.66,0.8,0,0
1,BA,01O3ZU0001,801,500,-,600,30,-,30,-,2.12.70,-,-,-,-,-,-,-,120,-,-,-,-,-,90,-,V30,V20,-,-,-,3.34,"Blech verzinkt,BV","Glaswolle Alu kaschiert,GA",3.77,0.8,0,0
1,BA,01O3ZU0025,600,250,-,500,30,-,30,-,2.12.70,-,-,-,-,-,-,-,120,-,-,-,-,-,90,-,V20,V20,-,-,-,2.27,"Blech verzinkt,BV","Glaswolle Alu kaschiert,GA",2.64,0.8,0,0
1,BA,01O3ZU0026,500,600,-,250,50,-,50,-,2.12.70,-,-,-,-,-,-,-,0,-,-,-,-,-,90,-,V20,V20,-,-,-,2.29,"Blech verzinkt,BV","Glaswolle Alu kaschiert,GA",2.66,0.8,0,0
1,BA,02O3AB0001,840,1413,-,900,30,-,30,-,-,-,-,-,-,-,-,-,120,-,-,-,-,-,90,-,V30,V20,-,-,-,11.12,"Blech verzinkt,BV","Glaswolle Alu kaschiert,GA",11.94,1.0,0,0
1,BA,02O3AB0011,400,400,-,500,30,-,30,-,-,-,-,-,-,-,-,-,120,-,-,-,-,-,90,-,V30,V20,-,-,-,1.86,"Blech verzinkt,BV","Glaswolle Alu kaschiert,GA",2.21,0.6,0,0
1,BA,02O3AB0021,400,450,-,500,30,-,30,-,-,-,-,-,-,-,-,-,120,-,-,-,-,-,90,-,V20,V20,-,-,-,1.86,"Blech verzinkt,BV","Glaswolle Alu kaschiert,GA",2.21,0.6,0,0
1,BA,02O3AB0035,450,400,-,450,50,-,50,-,-,-,-,-,-,-,-,-,0,-,-,-,-,-,45,-,V20,V20,-,-,-,1,"Blech verzinkt,BV","Glaswolle Alu kaschiert,GA",1.0,0.6,0,0
1,BA,02O3AB0039,450,400,-,450,30,-,30,-,-,-,-,-,-,-,-,-,120,-,-,-,-,-,90,-,V20,V20,-,-,-,1.72,"Blech verzinkt,BV","Glaswolle Alu kaschiert,GA",2.05,0.6,0,0
1,BA,02O3AB0054,500,600,-,500,30,-,30,-,-,-,-,-,-,-,-,-,120,-,-,-,-,-,90,-,V30,V20,-,-,-,2.62,"Blech verzinkt,BV","Glaswolle Alu kaschiert,GA",3.02,0.8,0,0
1,BA,02O3AU0001,1266,840,-,500,30,-,30,-,-,-,-,-,-,-,-,-,120,-,-,-,-,-,90,-,V30,V30,-,-,-,6.6,"Blech verzinkt,BV","Glaswolle Alu kaschiert,GA",7.19,1.0,0,0
1,BA,02O3ENT0001,900,840,-,800,50,-,50,-,-,-,-,-,-,-,-,-,0,-,-,-,-,-,90,-,V30,V20,-,-,-,4.94,"Blech verzinkt,BV","Glaswolle Alu kaschiert,GA",5.46,0.8,0,0
1,BA,02O3ENT0003,800,900,-,450,30,-,30,-,-,-,-,-,-,-,-,-,120,-,-,-,-,-,90,-,V20,V20,-,-,-,5.65,"Blech verzinkt,BV","Glaswolle Alu kaschiert,GA",6.22,0.8,0,0
1,BA,02O3ENT0009,800,600,-,450,30,-,30,-,-,-,-,-,-,-,-,-,120,-,-,-,-,-,90,-,V20,V20,-,-,-,3.33,"Blech verzinkt,BV","Glaswolle Alu kaschiert,GA",3.76,0.8,0,0
1,BA,02O3FO0001,1266,840,-,500,30,-,30,-,-,-,-,-,-,-,-,-,120,-,-,-,-,-,90,-,V30,V30,-,-,-,6.6,"Blech verzinkt,BV","Glaswolle Alu kaschiert,GA",7.19,1.0,0,0
1,BA,02O3ZU0001a,1413,800,-,840,50,-,50,-,-,-,-,-,-,-,-,-,0,-,-,-,-,-,45,-,V30,V30,-,-,-,3.42,"Blech verzinkt,BV","Glaswolle Alu kaschiert,GA",3.72,1.0,0,0
1,BA,02O3ZU0003,800,613,-,450,30,-,30,-,-,-,-,-,-,-,-,-,120,-,-,-,-,-,90,-,V20,V20,-,-,-,3.42,"Blech verzinkt,BV","Glaswolle Alu kaschiert,GA",3.86,0.8,0,0
1,BA,02O3ZU0009,800,450,-,400,30,-,30,-,-,-,-,-,-,-,-,-,120,-,-,-,-,-,90,-,V20,V20,-,-,-,2.39,"Blech verzinkt,BV","Glaswolle Alu kaschiert,GA",2.75,0.8,0,0
1,BA,02O3ZU0022,400,400,-,500,50,-,50,-,-,-,-,-,-,-,-,-,0,-,-,-,-,-,90,-,V30,V20,-,-,-,1.59,"Blech verzinkt,BV","Glaswolle Alu kaschiert,GA",1.9,0.6,0,0
1,BA,02O3ZU0032,400,450,-,500,50,-,50,-,-,-,-,-,-,-,-,-,0,-,-,-,-,-,90,-,V20,V20,-,-,-,1.59,"Blech verzinkt,BV","Glaswolle Alu kaschiert,GA",1.9,0.6,0,0
1,BA,02O3ZU0040,500,800,-,450,30,-,30,-,-,-,-,-,-,-,-,-,120,-,-,-,-,-,90,-,V20,V20,-,-,-,3.91,"Blech verzinkt,BV","Glaswolle Alu kaschiert,GA",4.41,0.8,0,0
1,BA,02O3ZU0060,400,800,-,450,30,-,30,-,-,-,-,-,-,-,-,-,120,-,-,-,-,-,90,-,V20,V20,-,-,-,3.61,"Blech verzinkt,BV","Glaswolle Alu kaschiert,GA",4.1,0.8,0,0
1,BA,03O3AB0021,250,450,-,500,30,-,30,-,-,-,-,-,-,-,-,-,120,-,-,-,-,-,90,-,V20,V20,-,-,-,1.55,"Blech verzinkt,BV","Glaswolle Alu kaschiert,GA",1.88,0.6,0,0
1,BA,03O3AU0008,800,900,-,600,50,-,50,-,-,-,-,-,-,-,-,-,0,-,-,-,-,-,90,-,V30,V20,-,-,-,5.15,"Blech verzinkt,BV","Glaswolle Alu kaschiert,GA",5.68,0.8,0,0
1,BA,03O3FO0008,600,1200,-,600,50,-,50,-,-,-,-,-,-,-,-,-,0,-,-,-,-,-,90,-,V30,V20,-,-,-,7.15,"Blech verzinkt,BV","Glaswolle Alu kaschiert,GA",7.8,1.0,0,0
1,BA,03O3ZU0020,250,450,-,500,30,-,30,-,-,-,-,-,-,-,-,-,120,-,-,-,-,-,90,-,V30,V20,-,-,-,1.55,"Blech verzinkt,BV","Glaswolle Alu kaschiert,GA",1.88,0.6,0,0
1,BA,06O3AU0001,1050,700,-,800,50,-,50,-,-,-,-,-,-,-,-,-,0,-,-,-,-,-,90,-,V30,V30,-,-,-,5.02,"Blech verzinkt,BV","Glaswolle Alu kaschiert,GA",5.53,1.0,0,0
1,BA,06O3FO0001,1050,700,-,800,50,-,50,-,-,-,-,-,-,-,-,-,0,-,-,-,-,-,90,-,V30,V30,-,-,-,5.02,"Blech verzinkt,BV","Glaswolle Alu kaschiert,GA",5.53,1.0,0,0
1,BB,02O3AB0004,800,900,-,450,30,-,30,-,-,450,-,-,-,-,-,-,120,-,-,-,-,-,90,90,V20,V20,V20,-,-,4.78,"Blech verzinkt,BV","Glaswolle Alu kaschiert,GA",5.24,0.8,0,0
2,BO,-,300,800,-,-,-,-,-,-,-,-,30,-,-,-,-,-,-,-,-,-,-,-,-,-,V20,-,-,-,-,1,"Blech verzinkt,BV","Glaswolle Alu kaschiert,GA",1.0,0.8,0,0
1,BO,02O3AU0012,700,800,-,-,-,-,-,-,-,-,30,-,-,-,-,-,-,-,-,-,-,-,-,-,V20,-,-,-,-,1,"Blech verzinkt,BV","Glaswolle Alu kaschiert,GA",1.0,0.8,0,0
1,BO,02O3AU0018,700,800,-,-,-,-,-,-,-,-,30,-,-,-,-,-,-,-,-,-,-,-,-,-,V20,-,-,-,-,1,"Blech verzinkt,BV","Glaswolle Alu kaschiert,GA",1.0,0.8,0,0
1,BO,02O3FO0018,700,800,-,-,-,-,-,-,-,-,30,-,-,-,-,-,-,-,-,-,-,-,-,-,V20,-,-,-,-,1,"Blech verzinkt,BV","Glaswolle Alu kaschiert,GA",1.0,0.8,0,0
1,BO,02O3FO0024,700,800,-,-,-,-,-,-,-,-,30,-,-,-,-,-,-,-,-,-,-,-,-,-,V20,-,-,-,-,1,"Blech verzinkt,BV","Glaswolle Alu kaschiert,GA",1.0,0.8,0,0
2,BS,-,250,450,-,-,30,-,30,-,-,-,-,-,-,-,-,-,120,-,-,-,-,-,90,-,V30,V20,-,-,-,1.34,"Blech verzinkt,BV","Glaswolle Alu kaschiert,GA",1.64,0.6,0,0
1,BS,01O3AB0002,300,801,-,-,50,-,50,-,-,-,-,-,-,-,-,-,0,-,-,-,-,-,45,-,V20,V20,-,-,-,1.61,"Blech verzinkt,BV","Glaswolle Alu kaschiert,GA",1.84,0.8,0,0
1,BS,01O3AB0004,600,300,-,-,50,-,50,-,-,-,-,-,-,-,-,-,0,-,-,-,-,-,45,-,V30,V20,-,-,-,1,"Blech verzinkt,BV","Glaswolle Alu kaschiert,GA",1.0,0.8,0,0
1,BS,01O3AU0004,600,450,-,-,30,-,30,-,-,-,-,-,-,-,-,-,120,-,-,-,-,-,90,-,V20,V20,-,-,-,2.01,"Blech verzinkt,BV","Glaswolle Alu kaschiert,GA",2.35,0.8,0,0
1,BS,01O3AU0006,600,450,-,-,30,-,30,-,-,-,-,-,-,-,-,-,120,-,-,-,-,-,90,-,V20,V20,-,-,-,2.01,"Blech verzinkt,BV","Glaswolle Alu kaschiert,GA",2.35,0.8,0,0
1,BS,01O3AU0008,600,450,-,-,30,-,30,-,-,-,-,-,-,-,-,-,120,-,-,-,-,-,90,-,V20,V20,-,-,-,2.01,"Blech verzinkt,BV","Glaswolle Alu kaschiert,GA",2.35,0.8,0,0
1,BS,01O3AU0010,450,600,-,-,30,-,30,-,-,-,-,-,-,-,-,-,120,-,-,-,-,-,90,-,V20,V20,-,-,-,2.5,"Blech verzinkt,BV","Glaswolle Alu kaschiert,GA",2.9,0.8,0,0
1,BS,01O3AU0012,600,450,-,-,30,-,30,-,-,-,-,-,-,-,-,-,120,-,-,-,-,-,90,-,V20,V20,-,-,-,2.01,"Blech verzinkt,BV","Glaswolle Alu kaschiert,GA",2.35,0.8,0,0
1,BS,01O3FO0004,500,250,-,-,30,-,30,-,-,-,-,-,-,-,-,-,120,-,-,-,-,-,90,-,V30,V20,-,-,-,1,"Blech verzinkt,BV","Glaswolle Alu kaschiert,GA",1.2,0.6,0,0
1,BS,01O3FO0012,500,250,-,-,30,-,30,-,-,-,-,-,-,-,-,-,120,-,-,-,-,-,90,-,V20,V20,-,-,-,1,"Blech verzinkt,BV","Glaswolle Alu kaschiert,GA",1.2,0.6,0,0
1,BS,01O3FO0015,500,250,-,-,30,-,30,-,-,-,-,-,-,-,-,-,120,-,-,-,-,-,90,-,V20,V20,-,-,-,1,"Blech verzinkt,BV","Glaswolle Alu kaschiert,GA",1.2,0.6,0,0
1,BS,01O3FO0017,250,500,-,-,30,-,30,-,-,-,-,-,-,-,-,-,120,-,-,-,-,-,90,-,V20,V20,-,-,-,1.55,"Blech verzinkt,BV","Glaswolle Alu kaschiert,GA",1.88,0.6,0,0
1,BS,01O3FO0019,500,250,-,-,30,-,30,-,-,-,-,-,-,-,-,-,120,-,-,-,-,-,90,-,V20,V20,-,-,-,1,"Blech verzinkt,BV","Glaswolle Alu kaschiert,GA",1.2,0.6,0,0
1,BS,01O3ZU0012,375,375,-,-,30,-,30,-,-,-,-,-,-,-,-,-,120,-,-,-,-,-,90,-,V20,V20,-,-,-,1.26,"Blech verzinkt,BV","Glaswolle Alu kaschiert,GA",1.54,0.6,0,0
1,BS,01O3ZU0013,375,375,-,-,30,-,30,-,-,-,-,-,-,-,-,-,120,-,-,-,-,-,90,-,V20,V20,-,-,-,1.26,"Blech verzinkt,BV","Glaswolle Alu kaschiert,GA",1.54,0.6,0,0
1,BS,01O3ZU0016,375,375,-,-,30,-,30,-,-,-,-,-,-,-,-,-,120,-,-,-,-,-,90,-,V20,V20,-,-,-,1.26,"Blech verzinkt,BV","Glaswolle Alu kaschiert,GA",1.54,0.6,0,0
1,BS,01O3ZU0031,250,500,-,-,30,-,30,-,-,-,-,-,-,-,-,-,120,-,-,-,-,-,90,-,V20,V20,-,-,-,1.55,"Blech verzinkt,BV","Glaswolle Alu kaschiert,GA",1.88,0.6,0,0
1,BS,01O3ZU0035,250,500,-,-,30,-,30,-,-,-,-,-,-,-,-,-,120,-,-,-,-,-,90,-,V20,V20,-,-,-,1.55,"Blech verzinkt,BV","Glaswolle Alu kaschiert,GA",1.88,0.6,0,0
1,BS,01O3ZU0038,350,350,-,-,30,-,30,-,-,-,-,-,-,-,-,-,120,-,-,-,-,-,90,-,V20,V20,-,-,-,1.12,"Blech verzinkt,BV","Glaswolle Alu kaschiert,GA",1.39,0.6,0,0
1,BS,01O3ZU0040,350,350,-,-,30,-,30,-,-,-,-,-,-,-,-,-,120,-,-,-,-,-,90,-,V20,V20,-,-,-,1.12,"Blech verzinkt,BV","Glaswolle Alu kaschiert,GA",1.39,0.6,0,0
1,BS,02O3AB0037,450,450,-,-,50,-,50,-,-,-,-,-,-,-,-,-,0,-,-,-,-,-,45,-,V20,V20,-,-,-,1,"Blech verzinkt,BV","Glaswolle Alu kaschiert,GA",1.0,0.6,0,0
1,BS,02O3AB0056,450,500,-,-,30,-,30,-,-,-,-,-,-,-,-,-,120,-,-,-,-,-,90,-,V20,V20,-,-,-,1.96,"Blech verzinkt,BV","Glaswolle Alu kaschiert,GA",2.31,0.6,0,0
1,BS,02O3AB0058,500,450,-,-,30,-,30,-,-,-,-,-,-,-,-,-,120,-,-,-,-,-,90,-,V20,V20,-,-,-,1.82,"Blech verzinkt,BV","Glaswolle Alu kaschiert,GA",2.15,0.6,0,0
1,BS,02O3AU0004,1200,500,-,-,30,-,30,-,-,-,-,-,-,-,-,-,120,-,-,-,-,-,90,-,V20,V20,-,-,-,3.52,"Blech verzinkt,BV","Glaswolle Alu kaschiert,GA",3.93,1.0,0,0
1,BS,02O3AU0007,700,500,-,-,30,-,30,-,-,-,-,-,-,-,-,-,120,-,-,-,-,-,90,-,V30,V30,-,-,-,2.48,"Blech verzinkt,BV","Glaswolle Alu kaschiert,GA",2.85,0.8,0,0
1,BS,02O3AU0010,700,500,-,-,30,-,30,-,-,-,-,-,-,-,-,-,120,-,-,-,-,-,90,-,V30,V30,-,-,-,2.48,"Blech verzinkt,BV","Glaswolle Alu kaschiert,GA",2.85,0.8,0,0
1,BS,02O3ENT0007,800,450,-,-,30,-,30,-,-,-,-,-,-,-,-,-,120,-,-,-,-,-,90,-,V20,V20,-,-,-,2.39,"Blech verzinkt,BV","Glaswolle Alu kaschiert,GA",2.75,0.8,0,0
1,BS,02O3FO0003,1400,500,-,-,30,-,30,-,-,-,-,-,-,-,-,-,120,-,-,-,-,-,90,-,V30,V30,-,-,-,3.93,"Blech verzinkt,BV","Glaswolle Alu kaschiert,GA",4.37,1.0,0,0
1,BS,02O3FO0013,700,500,-,-,30,-,30,-,-,-,-,-,-,-,-,-,120,-,-,-,-,-,90,-,V30,V30,-,-,-,2.48,"Blech verzinkt,BV","Glaswolle Alu kaschiert,GA",2.85,0.8,0,0
1,BS,02O3FO0016,700,500,-,-,30,-,30,-,-,-,-,-,-,-,-,-,120,-,-,-,-,-,90,-,V30,V30,-,-,-,2.48,"Blech verzinkt,BV","Glaswolle Alu kaschiert,GA",2.85,0.8,0,0
1,BS,02O3ZU0001b,1413,800,-,-,50,-,50,-,-,-,-,-,-,-,-,-,0,-,-,-,-,-,45,-,V30,V30,-,-,-,3.22,"Blech verzinkt,BV","Glaswolle Alu kaschiert,GA",3.51,1.0,0,0
1,BS,02O3ZU0048,450,500,-,-,50,-,50,-,-,-,-,-,-,-,-,-,0,-,-,-,-,-,45,-,V20,V20,-,-,-,1,"Blech verzinkt,BV","Glaswolle Alu kaschiert,GA",1.1,0.6,0,0
1,BS,02O3ZU0050,450,500,-,-,50,-,50,-,-,-,-,-,-,-,-,-,0,-,-,-,-,-,45,-,V20,V20,-,-,-,1,"Blech verzinkt,BV","Glaswolle Alu kaschiert,GA",1.1,0.6,0,0
1,BS,02O3ZU0052,500,450,-,-,30,-,30,-,-,-,-,-,-,-,-,-,120,-,-,-,-,-,90,-,V20,V20,-,-,-,1.82,"Blech verzinkt,BV","Glaswolle Alu kaschiert,GA",2.15,0.6,0,0
1,BS,02O3ZU0067,450,400,-,-,50,-,50,-,-,-,-,-,-,-,-,-,0,-,-,-,-,-,45,-,V20,V20,-,-,-,1,"Blech verzinkt,BV","Glaswolle Alu kaschiert,GA",1.0,0.6,0,0
1,BS,02O3ZU0069,450,400,-,-,50,-,50,-,-,-,-,-,-,-,-,-,0,-,-,-,-,-,45,-,V20,V20,-,-,-,1,"Blech verzinkt,BV","Glaswolle Alu kaschiert,GA",1.0,0.6,0,0
1,BS,02O3ZU0071,400,450,-,-,30,-,30,-,-,-,-,-,-,-,-,-,120,-,-,-,-,-,90,-,V20,V20,-,-,-,1.62,"Blech verzinkt,BV","Glaswolle Alu kaschiert,GA",1.94,0.6,0,0
1,BS,03O3AB0002,250,450,-,-,30,-,30,-,-,-,-,-,-,-,-,-,120,-,-,-,-,-,90,-,V30,V20,-,-,-,1.34,"Blech verzinkt,BV","Glaswolle Alu kaschiert,GA",1.64,0.6,0,0
1,BS,03O3AB0008,450,250,-,-,30,-,30,-,-,-,-,-,-,-,-,-,120,-,-,-,-,-,90,-,V20,V20,-,-,-,1,"Blech verzinkt,BV","Glaswolle Alu kaschiert,GA",1.13,0.6,0,0
1,BS,03O3AB0010,250,450,-,-,30,-,30,-,-,-,-,-,-,-,-,-,120,-,-,-,-,-,90,-,V20,V20,-,-,-,1.34,"Blech verzinkt,BV","Glaswolle Alu kaschiert,GA",1.64,0.6,0,0
1,BS,03O3AB0013,250,450,-,-,50,-,50,-,-,-,-,-,-,-,-,-,0,-,-,-,-,-,45,-,V20,V20,-,-,-,1,"Blech verzinkt,BV","Glaswolle Alu kaschiert,GA",1.0,0.6,0,0
1,BS,03O3AB0015,250,450,-,-,50,-,50,-,-,-,-,-,-,-,-,-,0,-,-,-,-,-,45,-,V20,V20,-,-,-,1,"Blech verzinkt,BV","Glaswolle Alu kaschiert,GA",1.0,0.6,0,0
1,BS,03O3AB0029,250,450,-,-,30,-,30,-,-,-,-,-,-,-,-,-,120,-,-,-,-,-,90,-,V30,V20,-,-,-,1.34,"Blech verzinkt,BV","Glaswolle Alu kaschiert,GA",1.64,0.6,0,0
1,BS,03O3AB0031,450,250,-,-,30,-,30,-,-,-,-,-,-,-,-,-,120,-,-,-,-,-,90,-,V20,V20,-,-,-,1,"Blech verzinkt,BV","Glaswolle Alu kaschiert,GA",1.13,0.6,0,0
1,BS,03O3ZU0001,250,450,-,-,30,-,30,-,-,-,-,-,-,-,-,-,120,-,-,-,-,-,90,-,V30,V20,-,-,-,1.34,"Blech verzinkt,BV","Glaswolle Alu kaschiert,GA",1.64,0.6,0,0
1,BS,03O3ZU0010,450,250,-,-,30,-,30,-,-,-,-,-,-,-,-,-,120,-,-,-,-,-,90,-,V20,V20,-,-,-,1,"Blech verzinkt,BV","Glaswolle Alu kaschiert,GA",1.13,0.6,0,0
1,BS,03O3ZU0012,250,450,-,-,30,-,30,-,-,-,-,-,-,-,-,-,120,-,-,-,-,-,90,-,V30,V20,-,-,-,1.34,"Blech verzinkt,BV","Glaswolle Alu kaschiert,GA",1.64,0.6,0,0
1,BS,03O3ZU0028,250,450,-,-,30,-,30,-,-,-,-,-,-,-,-,-,120,-,-,-,-,-,90,-,V30,V20,-,-,-,1.34,"Blech verzinkt,BV","Glaswolle Alu kaschiert,GA",1.64,0.6,0,0
1,BS,03O3ZU0030,450,250,-,-,30,-,30,-,-,-,-,-,-,-,-,-,120,-,-,-,-,-,90,-,V20,V20,-,-,-,1,"Blech verzinkt,BV","Glaswolle Alu kaschiert,GA",1.13,0.6,0,0
1,HS,02O3AB0006,450,800,-,400,125,-,-,-,-,500,400,-,150,-,-,-,-,-,-,-,-,-,-,-,V20,V20,V20,-,-,1.26,"Blech verzinkt,BV","Glaswolle Alu kaschiert,GA",1.36,0.8,0,0
1,HS,02O3AB0009,450,800,-,400,0,-,-,-,-,500,500,-,150,-,-,-,-,-,-,-,-,-,-,-,V20,V20,V20,-,-,1.68,"Blech verzinkt,BV","Glaswolle Alu kaschiert,GA",1.81,0.8,0,0
1,HS,02O3ZU0010,450,800,-,400,250,-,-,-,-,500,400,-,150,-,-,-,-,-,-,-,-,-,-,-,V20,V20,V20,-,-,1.42,"Blech verzinkt,BV","Glaswolle Alu kaschiert,GA",1.53,0.8,0,0
10,L,-,160,152,-,-,-,-,-,-,-,-,4050,-,-,-,-,-,-,-,-,-,-,-,-,-,V20,V20,-,-,2.53,-,"Blech verzinkt,BV","Glaswolle Alu kaschiert,GA",3.5,0.6,0,0
10,L,-,160,152,-,-,-,-,-,-,-,-,12296,-,-,-,-,-,-,-,-,-,-,-,-,-,V20,V20,-,-,7.67,-,"Blech verzinkt,BV","Glaswolle Alu kaschiert,GA",10.62,0.6,0,0
5,L,-,220,210,-,-,-,-,-,-,-,-,10707,-,-,-,-,-,-,-,-,-,-,-,-,-,V20,V20,-,-,9.21,-,"Blech verzinkt,BV","Glaswolle Alu kaschiert,GA",11.78,0.6,0,0
1,L,01O3AB0009,250,300,-,-,-,-,-,-,-,-,1500,-,-,-,-,-,-,-,-,-,-,-,-,-,V20,V20,-,-,1.65,-,"Blech verzinkt,BV","Glaswolle Alu kaschiert,GA",2.01,0.6,0,0
1,L,01O3AB0010,250,300,-,-,-,-,-,-,-,-,1500,-,-,-,-,-,-,-,-,-,-,-,-,-,V20,V20,-,-,1.65,-,"Blech verzinkt,BV","Glaswolle Alu kaschiert,GA",2.01,0.6,0,0
1,L,01O3AB0011,250,300,-,-,-,-,-,-,-,-,1060,-,-,-,-,-,-,-,-,-,-,-,-,-,V20,V20,-,-,1.17,-,"Blech verzinkt,BV","Glaswolle Alu kaschiert,GA",1.42,0.6,0,0
1,L,01O3FO0007,500,250,-,-,-,-,-,-,-,-,1500,-,-,-,-,-,-,-,-,-,-,-,-,-,V20,V20,-,-,2.25,-,"Blech verzinkt,BV","Glaswolle Alu kaschiert,GA",2.61,0.6,0,0
1,L,01O3FO0008,500,250,-,-,-,-,-,-,-,-,1500,-,-,-,-,-,-,-,-,-,-,-,-,-,V20,V20,-,-,2.25,-,"Blech verzinkt,BV","Glaswolle Alu kaschiert,GA",2.61,0.6,0,0
1,L,01O3FO0009,500,250,-,-,-,-,-,-,-,-,1500,-,-,-,-,-,-,-,-,-,-,-,-,-,V20,V20,-,-,2.25,-,"Blech verzinkt,BV","Glaswolle Alu kaschiert,GA",2.61,0.6,0,0
1,L,01O3FO0010,500,250,-,-,-,-,-,-,-,-,1500,-,-,-,-,-,-,-,-,-,-,-,-,-,V20,V20,-,-,2.25,-,"Blech verzinkt,BV","Glaswolle Alu kaschiert,GA",2.61,0.6,0,0
1,L,01O3FO0011,500,250,-,-,-,-,-,-,-,-,950,-,-,-,-,-,-,-,-,-,-,-,-,-,V20,V20,-,-,1.42,-,"Blech verzinkt,BV","Glaswolle Alu kaschiert,GA",1.65,0.6,0,0
1,L,01O3FO0013,250,500,-,-,-,-,-,-,-,-,1500,-,-,-,-,-,-,-,-,-,-,-,-,-,V20,V20,-,-,2.25,-,"Blech verzinkt,BV","Glaswolle Alu kaschiert,GA",2.61,0.6,0,0
1,L,01O3FO0016,250,500,-,-,-,-,-,-,-,-,1000,-,-,-,-,-,-,-,-,-,-,-,-,-,V20,V20,-,-,1.5,-,"Blech verzinkt,BV","Glaswolle Alu kaschiert,GA",1.74,0.6,0,0
1,L,01O3FO0018,500,250,-,-,-,-,-,-,-,-,1000,-,-,-,-,-,-,-,-,-,-,-,-,-,V20,V20,-,-,1.5,-,"Blech verzinkt,BV","Glaswolle Alu kaschiert,GA",1.74,0.6,0,0
1,L,01O3ZU0010,375,375,-,-,-,-,-,-,-,-,1411,-,-,-,-,-,-,-,-,-,-,-,-,-,V20,V20,-,-,2.12,-,"Blech verzinkt,BV","Glaswolle Alu kaschiert,GA",2.46,0.6,0,0
1,L,01O3ZU0014,375,375,-,-,-,-,-,-,-,-,1500,-,-,-,-,-,-,-,-,-,-,-,-,-,V20,V20,-,-,2.25,-,"Blech verzinkt,BV","Glaswolle Alu kaschiert,GA",2.61,0.6,0,0
1,L,01O3ZU0017,375,375,-,-,-,-,-,-,-,-,1500,-,-,-,-,-,-,-,-,-,-,-,-,-,V20,V20,-,-,2.25,-,"Blech verzinkt,BV","Glaswolle Alu kaschiert,GA",2.61,0.6,0,0
1,L,01O3ZU0021,250,600,-,-,-,-,-,-,-,-,1460,-,-,-,-,-,-,-,-,-,-,-,-,-,V20,V20,-,-,2.48,-,"Blech verzinkt,BV","Glaswolle Alu kaschiert,GA",2.83,0.8,0,0
1,L,01O3ZU0028,500,250,-,-,-,-,-,-,-,-,1400,-,-,-,-,-,-,-,-,-,-,-,-,-,V20,V20,-,-,2.1,-,"Blech verzinkt,BV","Glaswolle Alu kaschiert,GA",2.44,0.6,0,0
1,L,01O3ZU0029,500,250,-,-,-,-,-,-,-,-,1500,-,-,-,-,-,-,-,-,-,-,-,-,-,V20,V20,-,-,2.25,-,"Blech verzinkt,BV","Glaswolle Alu kaschiert,GA",2.61,0.6,0,0
1,L,01O3ZU0030,500,250,-,-,-,-,-,-,-,-,1300,-,-,-,-,-,-,-,-,-,-,-,-,-,V20,V20,-,-,1.95,-,"Blech verzinkt,BV","Glaswolle Alu kaschiert,GA",2.26,0.6,0,0
1,L,01O3ZU0032,500,250,-,-,-,-,-,-,-,-,1500,-,-,-,-,-,-,-,-,-,-,-,-,-,V20,V20,-,-,2.25,-,"Blech verzinkt,BV","Glaswolle Alu kaschiert,GA",2.61,0.6,0,0
1,L,01O3ZU0033,500,250,-,-,-,-,-,-,-,-,1500,-,-,-,-,-,-,-,-,-,-,-,-,-,V20,V20,-,-,2.25,-,"Blech verzinkt,BV","Glaswolle Alu kaschiert,GA",2.61,0.6,0,0
1,L,01O3ZU0034,500,250,-,-,-,-,-,-,-,-,1500,-,-,-,-,-,-,-,-,-,-,-,-,-,V20,V20,-,-,2.25,-,"Blech verzinkt,BV","Glaswolle Alu kaschiert,GA",2.61,0.6,0,0
1,L,01O3ZU0036,500,250,-,-,-,-,-,-,-,-,1250,-,-,-,-,-,-,-,-,-,-,-,-,-,V20,V20,-,-,1.88,-,"Blech verzinkt,BV","Glaswolle Alu kaschiert,GA",2.17,0.6,0,0
1,L,02O3AB0030,450,400,-,-,-,-,-,-,-,-,1500,-,-,-,-,-,-,-,-,-,-,-,-,-,V20,V20,-,-,2.55,-,"Blech verzinkt,BV","Glaswolle Alu kaschiert,GA",2.91,0.6,0,0
1,L,02O3AB0040,450,400,-,-,-,-,-,-,-,-,1343,-,-,-,-,-,-,-,-,-,-,-,-,-,V20,V20,-,-,2.28,-,"Blech verzinkt,BV","Glaswolle Alu kaschiert,GA",2.61,0.6,0,0
1,L,02O3AB0059,450,500,-,-,-,-,-,-,-,-,1343,-,-,-,-,-,-,-,-,-,-,-,-,-,V20,V20,-,-,2.55,-,"Blech verzinkt,BV","Glaswolle Alu kaschiert,GA",2.87,0.6,0,0
1,L,02O3AU0003,500,1200,-,-,-,-,-,-,-,-,1000,-,-,-,-,-,-,-,-,-,-,-,-,-,V20,V30,-,-,3.4,-,"Blech verzinkt,BV","Glaswolle Alu kaschiert,GA",3.64,1.0,0,0
1,L,02O3ENT0006,450,800,-,-,-,-,-,-,-,-,1500,-,-,-,-,-,-,-,-,-,-,-,-,-,V20,V20,-,-,3.75,-,"Blech verzinkt,BV","Glaswolle Alu kaschiert,GA",4.11,0.8,0,0
1,L,02O3FO0006,500,1400,-,-,-,-,-,-,-,-,1500,-,-,-,-,-,-,-,-,-,-,-,-,-,V30,V30,-,-,5.7,-,"Blech verzinkt,BV","Glaswolle Alu kaschiert,GA",6.06,1.0,0,0
1,L,02O3FO0007,500,1400,-,-,-,-,-,-,-,-,1500,-,-,-,-,-,-,-,-,-,-,-,-,-,V30,V30,-,-,5.7,-,"Blech verzinkt,BV","Glaswolle Alu kaschiert,GA",6.06,1.0,0,0
1,L,02O3FO0008,500,1400,-,-,-,-,-,-,-,-,1500,-,-,-,-,-,-,-,-,-,-,-,-,-,V30,V30,-,-,5.7,-,"Blech verzinkt,BV","Glaswolle Alu kaschiert,GA",6.06,1.0,0,0
1,L,02O3FO0009,500,1400,-,-,-,-,-,-,-,-,1500,-,-,-,-,-,-,-,-,-,-,-,-,-,V30,V30,-,-,5.7,-,"Blech verzinkt,BV","Glaswolle Alu kaschiert,GA",6.06,1.0,0,0
1,L,02O3FO0010,500,1400,-,-,-,-,-,-,-,-,1334,-,-,-,-,-,-,-,-,-,-,-,-,-,V30,V30,-,-,5.07,-,"Blech verzinkt,BV","Glaswolle Alu kaschiert,GA",5.39,1.0,0,0
1,L,02O3ZU0004,450,800,-,-,-,-,-,-,-,-,1500,-,-,-,-,-,-,-,-,-,-,-,-,-,V20,V20,-,-,3.75,-,"Blech verzinkt,BV","Glaswolle Alu kaschiert,GA",4.11,0.8,0,0
1,L,02O3ZU0005,450,800,-,-,-,-,-,-,-,-,1500,-,-,-,-,-,-,-,-,-,-,-,-,-,V30,V20,-,-,3.75,-,"Blech verzinkt,BV","Glaswolle Alu kaschiert,GA",4.11,0.8,0,0
1,L,02O3ZU0006,450,800,-,-,-,-,-,-,-,-,1500,-,-,-,-,-,-,-,-,-,-,-,-,-,V30,V20,-,-,3.75,-,"Blech verzinkt,BV","Glaswolle Alu kaschiert,GA",4.11,0.8,0,0
1,L,02O3ZU0046,500,450,-,-,-,-,-,-,-,-,1500,-,-,-,-,-,-,-,-,-,-,-,-,-,V20,V20,-,-,2.85,-,"Blech verzinkt,BV","Glaswolle Alu kaschiert,GA",3.21,0.6,0,0
1,L,02O3ZU0053,450,500,-,-,-,-,-,-,-,-,1500,-,-,-,-,-,-,-,-,-,-,-,-,-,V20,V20,-,-,2.85,-,"Blech verzinkt,BV","Glaswolle Alu kaschiert,GA",3.21,0.6,0,0
1,L,02O3ZU0061,450,400,-,-,-,-,-,-,-,-,1500,-,-,-,-,-,-,-,-,-,-,-,-,-,V20,V20,-,-,2.55,-,"Blech verzinkt,BV","Glaswolle Alu kaschiert,GA",2.91,0.6,0,0
1,L,02O3ZU0065,400,450,-,-,-,-,-,-,-,-,1500,-,-,-,-,-,-,-,-,-,-,-,-,-,V20,V20,-,-,2.55,-,"Blech verzinkt,BV","Glaswolle Alu kaschiert,GA",2.91,0.6,0,0
1,L,02O3ZU0068,400,450,-,-,-,-,-,-,-,-,1300,-,-,-,-,-,-,-,-,-,-,-,-,-,V20,V20,-,-,2.21,-,"Blech verzinkt,BV","Glaswolle Alu kaschiert,GA",2.52,0.6,0,0
1,L,02O3ZU0072,450,400,-,-,-,-,-,-,-,-,1500,-,-,-,-,-,-,-,-,-,-,-,-,-,V20,V20,-,-,2.55,-,"Blech verzinkt,BV","Glaswolle Alu kaschiert,GA",2.91,0.6,0,0
1,L,03O3AB0011,450,250,-,-,-,-,-,-,-,-,1500,-,-,-,-,-,-,-,-,-,-,-,-,-,V20,V20,-,-,2.1,-,"Blech verzinkt,BV","Glaswolle Alu kaschiert,GA",2.46,0.6,0,0
1,L,03O3AB0028,450,250,-,-,-,-,-,-,-,-,1003,-,-,-,-,-,-,-,-,-,-,-,-,-,V30,V30,-,-,1.4,-,"Blech verzinkt,BV","Glaswolle Alu kaschiert,GA",1.64,0.6,0,0
1,L,03O3AB0030,450,250,-,-,-,-,-,-,-,-,1171,-,-,-,-,-,-,-,-,-,-,-,-,-,V20,V20,-,-,1.64,-,"Blech verzinkt,BV","Glaswolle Alu kaschiert,GA",1.92,0.6,0,0
1,L,03O3AB0032,250,450,-,-,-,-,-,-,-,-,1500,-,-,-,-,-,-,-,-,-,-,-,-,-,V20,V20,-,-,2.1,-,"Blech verzinkt,BV","Glaswolle Alu kaschiert,GA",2.46,0.6,0,0
1,L,03O3AB0033,250,450,-,-,-,-,-,-,-,-,1500,-,-,-,-,-,-,-,-,-,-,-,-,-,V20,V20,-,-,2.1,-,"Blech verzinkt,BV","Glaswolle Alu kaschiert,GA",2.46,0.6,0,0
1,L,03O3AU0001,1500,800,-,-,-,-,-,-,-,-,1250,-,-,-,-,-,-,-,-,-,-,-,-,-,V30,V30,-,-,5.75,-,"Blech verzinkt,BV","Glaswolle Alu kaschiert,GA",6.05,1.0,0,0
1,L,03O3FO0001,1500,800,-,-,-,-,-,-,-,-,1250,-,-,-,-,-,-,-,-,-,-,-,-,-,V30,V30,-,-,5.75,-,"Blech verzinkt,BV","Glaswolle Alu kaschiert,GA",6.05,1.0,0,0
1,L,03O3ZU0011,250,450,-,-,-,-,-,-,-,-,1350,-,-,-,-,-,-,-,-,-,-,-,-,-,V20,V30,-,-,1.89,-,"Blech verzinkt,BV","Glaswolle Alu kaschiert,GA",2.21,0.6,0,0
1,L,03O3ZU0013,450,250,-,-,-,-,-,-,-,-,1500,-,-,-,-,-,-,-,-,-,-,-,-,-,V20,V20,-,-,2.1,-,"Blech verzinkt,BV","Glaswolle Alu kaschiert,GA",2.46,0.6,0,0
1,L,03O3ZU0026,450,250,-,-,-,-,-,-,-,-,1000,-,-,-,-,-,-,-,-,-,-,-,-,-,V30,V20,-,-,1.4,-,"Blech verzinkt,BV","Glaswolle Alu kaschiert,GA",1.64,0.6,0,0
1,L,03O3ZU0029,450,250,-,-,-,-,-,-,-,-,1171,-,-,-,-,-,-,-,-,-,-,-,-,-,V20,V20,-,-,1.64,-,"Blech verzinkt,BV","Glaswolle Alu kaschiert,GA",1.92,0.6,0,0
1,L,03O3ZU0031,250,450,-,-,-,-,-,-,-,-,1500,-,-,-,-,-,-,-,-,-,-,-,-,-,V20,V20,-,-,2.1,-,"Blech verzinkt,BV","Glaswolle Alu kaschiert,GA",2.46,0.6,0,0
1,L,03O3ZU0032,250,450,-,-,-,-,-,-,-,-,1500,-,-,-,-,-,-,-,-,-,-,-,-,-,V20,V20,-,-,2.1,-,"Blech verzinkt,BV","Glaswolle Alu kaschiert,GA",2.46,0.6,0,0
1,L,06O3AB0002,600,600,-,-,-,-,-,-,-,-,1280,-,-,-,-,-,-,-,-,-,-,-,-,-,V20,V20,-,-,3.07,-,"Blech verzinkt,BV","Glaswolle Alu kaschiert,GA",3.38,0.8,0,0
1,L,06O3AB0003,600,600,-,-,-,-,-,-,-,-,1500,-,-,-,-,-,-,-,-,-,-,-,-,-,V20,V20,-,-,3.6,-,"Blech verzinkt,BV","Glaswolle Alu kaschiert,GA",3.96,0.8,0,0
1,L,06O3AU0002,700,1050,-,-,-,-,-,-,-,-,1373,-,-,-,-,-,-,-,-,-,-,-,-,-,V30,V30,-,-,4.81,-,"Blech verzinkt,BV","Glaswolle Alu kaschiert,GA",5.14,1.0,0,0
1,L,06O3FO0002,700,1050,-,-,-,-,-,-,-,-,1373,-,-,-,-,-,-,-,-,-,-,-,-,-,V30,V30,-,-,4.81,-,"Blech verzinkt,BV","Glaswolle Alu kaschiert,GA",5.14,1.0,0,0
1,L,06O3ZU0002,600,600,-,-,-,-,-,-,-,-,1380,-,-,-,-,-,-,-,-,-,-,-,-,-,V20,V20,-,-,3.31,-,"Blech verzinkt,BV","Glaswolle Alu kaschiert,GA",3.64,0.8,0,0
1,L,06O3ZU0003,600,600,-,-,-,-,-,-,-,-,1500,-,-,-,-,-,-,-,-,-,-,-,-,-,V20,V20,-,-,3.6,-,"Blech verzinkt,BV","Glaswolle Alu kaschiert,GA",3.96,0.8,0,0
1,L,07O3AB0003,600,600,-,-,-,-,-,-,-,-,1500,-,-,-,-,-,-,-,-,-,-,-,-,-,V20,V20,-,-,3.6,-,"Blech verzinkt,BV","Glaswolle Alu kaschiert,GA",3.96,0.8,0,0
1,L,07O3AB0004,600,600,-,-,-,-,-,-,-,-,1500,-,-,-,-,-,-,-,-,-,-,-,-,-,V20,V20,-,-,3.6,-,"Blech verzinkt,BV","Glaswolle Alu kaschiert,GA",3.96,0.8,0,0
1,LT,-,250,500,-,-,-,-,-,-,-,-,340,-,-,-,-,-,-,-,-,-,-,-,-,-,V30,V30,-,-,-,1,"Blech verzinkt,BV","Glaswolle Alu kaschiert,GA",1.0,0.6,0,0
1,LT,-,300,800,-,-,-,-,-,-,-,-,200,-,-,-,-,-,-,-,-,-,-,-,-,-,V20,V20,-,-,-,1,"Blech verzinkt,BV","Glaswolle Alu kaschiert,GA",1.0,0.8,0,0
1,LT,-,300,800,-,-,-,-,-,-,-,-,200,-,-,-,-,-,-,-,-,-,-,-,-,-,V30,V20,-,-,-,1,"Blech verzinkt,BV","Glaswolle Alu kaschiert,GA",1.0,0.8,0,0
1,LT,-,300,800,-,-,-,-,-,-,-,-,350,-,-,-,-,-,-,-,-,-,-,-,-,-,V20,V20,-,-,-,1,"Blech verzinkt,BV","Glaswolle Alu kaschiert,GA",1.0,0.8,0,0
1,LT,-,375,375,-,-,-,-,-,-,-,-,700,-,-,-,-,-,-,-,-,-,-,-,-,-,V20,V20,-,-,-,1.05,"Blech verzinkt,BV","Glaswolle Alu kaschiert,GA",1.22,0.6,0,0
1,LT,-,400,800,-,-,-,-,-,-,-,-,340,-,-,-,-,-,-,-,-,-,-,-,-,-,V20,V20,-,-,-,1,"Blech verzinkt,BV","Glaswolle Alu kaschiert,GA",1.0,0.8,0,0
4,LT,-,700,600,-,-,-,-,-,-,-,-,200,-,-,-,-,-,-,-,-,-,-,-,-,-,V30,V20,-,-,-,1,"Blech verzinkt,BV","Glaswolle Alu kaschiert,GA",1.0,0.8,0,0
1,LT,-,875,800,-,-,-,-,-,-,-,-,200,-,-,-,-,-,-,-,-,-,-,-,-,-,V30,V20,-,-,-,1,"Blech verzinkt,BV","Glaswolle Alu kaschiert,GA",1.0,0.8,0,0
1,LT,-,1100,800,-,-,-,-,-,-,-,-,200,-,-,-,-,-,-,-,-,-,-,-,-,-,V30,V30,-,-,-,1,"Blech verzinkt,BV","Glaswolle Alu kaschiert,GA",1.0,1.0,0,0
2,LT,-,1150,800,-,-,-,-,-,-,-,-,200,-,-,-,-,-,-,-,-,-,-,-,-,-,V30,V30,-,-,-,1,"Blech verzinkt,BV","Glaswolle Alu kaschiert,GA",1.0,1.0,0,0
11,LT,-,1200,800,-,-,-,-,-,-,-,-,200,-,-,-,-,-,-,-,-,-,-,-,-,-,V30,V30,-,-,-,1,"Blech verzinkt,BV","Glaswolle Alu kaschiert,GA",1.0,1.0,0,0
1,LT,-,1200,800,-,-,-,-,-,-,-,-,350,-,-,-,-,-,-,-,-,-,-,-,-,-,V30,V30,-,-,-,1.4,"Blech verzinkt,BV","Glaswolle Alu kaschiert,GA",1.48,1.0,0,0
2,LT,-,1300,800,-,-,-,-,-,-,-,-,200,-,-,-,-,-,-,-,-,-,-,-,-,-,V30,V30,-,-,-,1,"Blech verzinkt,BV","Glaswolle Alu kaschiert,GA",1.0,1.0,0,0
1,LT,01O3AB0006,300,600,-,-,-,-,-,-,-,-,175,-,-,-,-,-,-,-,-,-,-,-,-,-,V30,V30,-,-,-,1,"Blech verzinkt,BV","Glaswolle Alu kaschiert,GA",1.0,0.8,0,0
1,LT,01O3AB0011a,250,300,-,-,-,-,-,-,-,-,250,-,-,-,-,-,-,-,-,-,-,-,-,-,V20,V20,-,-,-,1,"Blech verzinkt,BV","Glaswolle Alu kaschiert,GA",1.0,0.6,0,0
1,LT,01O3AU0003,450,600,-,-,-,-,-,-,-,-,400,-,-,-,-,-,-,-,-,-,-,-,-,-,V20,V20,-,-,-,1,"Blech verzinkt,BV","Glaswolle Alu kaschiert,GA",1.0,0.8,0,0
1,LT,01O3AU0005,450,600,-,-,-,-,-,-,-,-,310,-,-,-,-,-,-,-,-,-,-,-,-,-,V20,V20,-,-,-,1,"Blech verzinkt,BV","Glaswolle Alu kaschiert,GA",1.0,0.8,0,0
1,LT,01O3AU0007,450,600,-,-,-,-,-,-,-,-,250,-,-,-,-,-,-,-,-,-,-,-,-,-,V20,V20,-,-,-,1,"Blech verzinkt,BV","Glaswolle Alu kaschiert,GA",1.0,0.8,0,0
1,LT,01O3AU0009,600,450,-,-,-,-,-,-,-,-,825,-,-,-,-,-,-,-,-,-,-,-,-,-,V20,V20,-,-,-,1.73,"Blech verzinkt,BV","Glaswolle Alu kaschiert,GA",1.93,0.8,0,0
1,LT,01O3AU0011,600,450,-,-,-,-,-,-,-,-,600,-,-,-,-,-,-,-,-,-,-,-,-,-,V20,V20,-,-,-,1.26,"Blech verzinkt,BV","Glaswolle Alu kaschiert,GA",1.4,0.8,0,0
1,LT,01O3FO0003,250,500,-,-,-,-,-,-,-,-,900,-,-,-,-,-,-,-,-,-,-,-,-,-,V20,V20,-,-,-,1.35,"Blech verzinkt,BV","Glaswolle Alu kaschiert,GA",1.57,0.6,0,0
1,LT,01O3FO0014,250,500,-,-,-,-,-,-,-,-,150,-,-,-,-,-,-,-,-,-,-,-,-,-,V20,V20,-,-,-,1,"Blech verzinkt,BV","Glaswolle Alu kaschiert,GA",1.0,0.6,0,0
1,LT,01O3FO0020,250,500,-,-,-,-,-,-,-,-,200,-,-,-,-,-,-,-,-,-,-,-,-,-,V20,V20,-,-,-,1,"Blech verzinkt,BV","Glaswolle Alu kaschiert,GA",1.0,0.6,0,0
1,LT,01O3ZU0003,800,600,-,-,-,-,-,-,-,-,258,-,-,-,-,-,-,-,-,-,-,-,-,-,V30,V20,-,-,-,1,"Blech verzinkt,BV","Glaswolle Alu kaschiert,GA",1.0,0.8,0,0
1,LT,01O3ZU0005,400,800,-,-,-,-,-,-,-,-,400,-,-,-,-,-,-,-,-,-,-,-,-,-,V20,V20,-,-,-,1,"Blech verzinkt,BV","Glaswolle Alu kaschiert,GA",1.06,0.8,0,0
1,LT,01O3ZU0011,375,375,-,-,-,-,-,-,-,-,575,-,-,-,-,-,-,-,-,-,-,-,-,-,V20,V20,-,-,-,1,"Blech verzinkt,BV","Glaswolle Alu kaschiert,GA",1.0,0.6,0,0
1,LT,01O3ZU0015,375,375,-,-,-,-,-,-,-,-,550,-,-,-,-,-,-,-,-,-,-,-,-,-,V20,V20,-,-,-,1,"Blech verzinkt,BV","Glaswolle Alu kaschiert,GA",1.0,0.6,0,0
1,LT,01O3ZU0018,375,375,-,-,-,-,-,-,-,-,600,-,-,-,-,-,-,-,-,-,-,-,-,-,V20,V20,-,-,-,1,"Blech verzinkt,BV","Glaswolle Alu kaschiert,GA",1.04,0.6,0,0
1,LT,01O3ZU0039,350,350,-,-,-,-,-,-,-,-,150,-,-,-,-,-,-,-,-,-,-,-,-,-,V20,V20,-,-,-,1,"Blech verzinkt,BV","Glaswolle Alu kaschiert,GA",1.0,0.6,0,0
1,LT,01O3ZU0041,350,350,-,-,-,-,-,-,-,-,900,-,-,-,-,-,-,-,-,-,-,-,-,-,V20,V20,-,-,-,1.26,"Blech verzinkt,BV","Glaswolle Alu kaschiert,GA",1.48,0.6,0,0
1,LT,01O3ZU0043,350,350,-,-,-,-,-,-,-,-,400,-,-,-,-,-,-,-,-,-,-,-,-,-,V20,V20,-,-,-,1,"Blech verzinkt,BV","Glaswolle Alu kaschiert,GA",1.0,0.6,0,0
1,LT,01OG3BSKZU0120,275,550,-,-,-,-,-,-,-,-,300,-,-,-,-,-,-,-,-,-,-,-,-,-,V30,V20,-,-,-,1,"Blech verzinkt,BV","Glaswolle Alu kaschiert,GA",1.0,0.8,0,0
1,LT,02O3AB0003,800,900,-,-,-,-,-,-,-,-,500,-,-,-,-,-,-,-,-,-,-,-,-,-,V20,V20,-,-,-,1.7,"Blech verzinkt,BV","Glaswolle Alu kaschiert,GA",1.82,0.8,0,0
1,LT,02O3AB0007,450,800,-,-,-,-,-,-,-,-,500,-,-,-,-,-,-,-,-,-,-,-,-,-,V20,V20,-,-,-,1.25,"Blech verzinkt,BV","Glaswolle Alu kaschiert,GA",1.37,0.8,0,0
1,LT,02O3AB0012,400,500,-,-,-,-,-,-,-,-,300,-,-,-,-,-,-,-,-,-,-,-,-,-,V20,V20,-,-,-,1,"Blech verzinkt,BV","Glaswolle Alu kaschiert,GA",1.0,0.6,0,0
1,LT,02O3AB0020,450,400,-,-,-,-,-,-,-,-,875,-,-,-,-,-,-,-,-,-,-,-,-,-,V20,V20,-,-,-,1.49,"Blech verzinkt,BV","Glaswolle Alu kaschiert,GA",1.7,0.6,0,0
1,LT,02O3AB0034,400,450,-,-,-,-,-,-,-,-,422,-,-,-,-,-,-,-,-,-,-,-,-,-,V20,V20,-,-,-,1,"Blech verzinkt,BV","Glaswolle Alu kaschiert,GA",1.0,0.6,0,0
1,LT,02O3AB0036,450,450,-,-,-,-,-,-,-,-,566,-,-,-,-,-,-,-,-,-,-,-,-,-,V20,V20,-,-,-,1.02,"Blech verzinkt,BV","Glaswolle Alu kaschiert,GA",1.15,0.6,0,0
1,LT,02O3AB0038,450,450,-,-,-,-,-,-,-,-,549,-,-,-,-,-,-,-,-,-,-,-,-,-,V20,V20,-,-,-,1,"Blech verzinkt,BV","Glaswolle Alu kaschiert,GA",1.12,0.6,0,0
1,LT,02O3AB0041,450,400,-,-,-,-,-,-,-,-,800,-,-,-,-,-,-,-,-,-,-,-,-,-,V20,V20,-,-,-,1.36,"Blech verzinkt,BV","Glaswolle Alu kaschiert,GA",1.55,0.6,0,0
1,LT,02O3AB0051,400,400,-,-,-,-,-,-,-,-,425,-,-,-,-,-,-,-,-,-,-,-,-,-,V20,V20,-,-,-,1,"Blech verzinkt,BV","Glaswolle Alu kaschiert,GA",1.0,0.6,0,0
1,LT,02O3AB0055,500,450,-,-,-,-,-,-,-,-,474,-,-,-,-,-,-,-,-,-,-,-,-,-,V20,V20,-,-,-,1,"Blech verzinkt,BV","Glaswolle Alu kaschiert,GA",1.01,0.6,0,0
1,LT,02O3AB0057,500,450,-,-,-,-,-,-,-,-,516,-,-,-,-,-,-,-,-,-,-,-,-,-,V20,V20,-,-,-,1,"Blech verzinkt,BV","Glaswolle Alu kaschiert,GA",1.1,0.6,0,0
1,LT,02O3AB0060,450,500,-,-,-,-,-,-,-,-,800,-,-,-,-,-,-,-,-,-,-,-,-,-,V20,V20,-,-,-,1.52,"Blech verzinkt,BV","Glaswolle Alu kaschiert,GA",1.71,0.6,0,0
1,LT,02O3AU0008,500,700,-,-,-,-,-,-,-,-,740,P,-,-,-,-,-,-,-,-,-,-,-,-,V20,V20,-,-,-,1.78,"Blech verzinkt,BV","Glaswolle Alu kaschiert,GA",1.95,0.8,0,0
1,LT,02O3AU0011,500,700,-,-,-,-,-,-,-,-,740,P,-,-,-,-,-,-,-,-,-,-,-,-,V20,V20,-,-,-,1.78,"Blech verzinkt,BV","Glaswolle Alu kaschiert,GA",1.95,0.8,0,0
1,LT,02O3AU0014,700,800,-,-,-,-,-,-,-,-,450,P,-,-,-,-,-,-,-,-,-,-,-,-,V20,V20,-,-,-,1.35,"Blech verzinkt,BV","Glaswolle Alu kaschiert,GA",1.46,0.8,0,0
1,LT,02O3AU0016,700,800,-,-,-,-,-,-,-,-,700,P,-,-,-,-,-,-,-,-,-,-,-,-,V20,V20,-,-,-,2.1,"Blech verzinkt,BV","Glaswolle Alu kaschiert,GA",2.27,0.8,0,0
1,LT,02O3ENT0002,800,900,-,-,-,-,-,-,-,-,590,-,-,-,-,-,-,-,-,-,-,-,-,-,V20,V20,-,-,-,2.01,"Blech verzinkt,BV","Glaswolle Alu kaschiert,GA",2.15,0.8,0,0
1,LT,02O3ENT0005,450,800,-,-,-,-,-,-,-,-,568,-,-,-,-,-,-,-,-,-,-,-,-,-,V20,V20,-,-,-,1.42,"Blech verzinkt,BV","Glaswolle Alu kaschiert,GA",1.56,0.8,0,0
1,LT,02O3ENT0008,450,800,-,-,-,-,-,-,-,-,399,-,-,-,-,-,-,-,-,-,-,-,-,-,V20,V20,-,-,-,1,"Blech verzinkt,BV","Glaswolle Alu kaschiert,GA",1.09,0.8,0,0
1,LT,02O3ENT0010,600,800,-,-,-,-,-,-,-,-,530,P,-,-,-,-,-,-,-,-,-,-,-,-,V20,V20,-,-,-,1.48,"Blech verzinkt,BV","Glaswolle Alu kaschiert,GA",1.61,0.8,0,0
1,LT,02O3FO0014,500,700,-,-,-,-,-,-,-,-,740,P,-,-,-,-,-,-,-,-,-,-,-,-,V30,V20,-,-,-,1.78,"Blech verzinkt,BV","Glaswolle Alu kaschiert,GA",1.95,0.8,0,0
1,LT,02O3FO0017,500,700,-,-,-,-,-,-,-,-,740,P,-,-,-,-,-,-,-,-,-,-,-,-,V30,V20,-,-,-,1.78,"Blech verzinkt,BV","Glaswolle Alu kaschiert,GA",1.95,0.8,0,0
1,LT,02O3FO0020,700,800,-,-,-,-,-,-,-,-,150,-,-,-,-,-,-,-,-,-,-,-,-,-,V20,V20,-,-,-,1,"Blech verzinkt,BV","Glaswolle Alu kaschiert,GA",1.0,0.8,0,0
1,LT,02O3FO0022,700,800,-,-,-,-,-,-,-,-,700,P,-,-,-,-,-,-,-,-,-,-,-,-,V20,V20,-,-,-,2.1,"Blech verzinkt,BV","Glaswolle Alu kaschiert,GA",2.27,0.8,0,0
1,LT,02O3FO0025,840,750,-,-,-,-,-,-,-,-,100,-,-,-,-,-,-,-,-,-,-,-,-,-,V30,V20,-,-,-,1,"Blech verzinkt,BV","Glaswolle Alu kaschiert,GA",1.0,0.8,0,0
1,LT,02O3ZU0008,450,800,-,-,-,-,-,-,-,-,200,-,-,-,-,-,-,-,-,-,-,-,-,-,V20,V20,-,-,-,1,"Blech verzinkt,BV","Glaswolle Alu kaschiert,GA",1.0,0.8,0,0
1,LT,02O3ZU0021,400,400,-,-,-,-,-,-,-,-,547,-,-,-,-,-,-,-,-,-,-,-,-,-,V20,V30,-,-,-,1,"Blech verzinkt,BV","Glaswolle Alu kaschiert,GA",1.01,0.6,0,0
1,LT,02O3ZU0030,450,400,-,-,-,-,-,-,-,-,800,-,-,-,-,-,-,-,-,-,-,-,-,-,V20,V20,-,-,-,1.36,"Blech verzinkt,BV","Glaswolle Alu kaschiert,GA",1.55,0.6,0,0
1,LT,02O3ZU0042,400,400,-,-,-,-,-,-,-,-,500,-,-,-,-,-,-,-,-,-,-,-,-,-,V20,V20,-,-,-,1,"Blech verzinkt,BV","Glaswolle Alu kaschiert,GA",1.0,0.6,0,0
1,LT,02O3ZU0047,500,450,-,-,-,-,-,-,-,-,750,-,-,-,-,-,-,-,-,-,-,-,-,-,V20,V20,-,-,-,1.42,"Blech verzinkt,BV","Glaswolle Alu kaschiert,GA",1.61,0.6,0,0
1,LT,02O3ZU0049,500,450,-,-,-,-,-,-,-,-,700,-,-,-,-,-,-,-,-,-,-,-,-,-,V20,V20,-,-,-,1.33,"Blech verzinkt,BV","Glaswolle Alu kaschiert,GA",1.5,0.6,0,0
1,LT,02O3ZU0051,450,500,-,-,-,-,-,-,-,-,750,-,-,-,-,-,-,-,-,-,-,-,-,-,V20,V20,-,-,-,1.42,"Blech verzinkt,BV","Glaswolle Alu kaschiert,GA",1.61,0.6,0,0
1,LT,02O3ZU0054,450,500,-,-,-,-,-,-,-,-,900,-,-,-,-,-,-,-,-,-,-,-,-,-,V20,V20,-,-,-,1.71,"Blech verzinkt,BV","Glaswolle Alu kaschiert,GA",1.93,0.6,0,0
1,LT,02O3ZU0066,400,450,-,-,-,-,-,-,-,-,642,-,-,-,-,-,-,-,-,-,-,-,-,-,V20,V20,-,-,-,1.09,"Blech verzinkt,BV","Glaswolle Alu kaschiert,GA",1.25,0.6,0,0
1,LT,02O3ZU0070,450,400,-,-,-,-,-,-,-,-,535,-,-,-,-,-,-,-,-,-,-,-,-,-,V20,V20,-,-,-,1,"Blech verzinkt,BV","Glaswolle Alu kaschiert,GA",1.04,0.6,0,0
1,LT,02O3ZU0073,450,400,-,-,-,-,-,-,-,-,900,-,-,-,-,-,-,-,-,-,-,-,-,-,V20,V20,-,-,-,1.53,"Blech verzinkt,BV","Glaswolle Alu kaschiert,GA",1.75,0.6,0,0
1,LT,02OG3BSKAB0010,450,375,-,-,-,-,-,-,-,-,600,P,-,-,-,-,-,-,-,-,-,-,-,-,V20,V20,-,-,-,1,"Blech verzinkt,BV","Glaswolle Alu kaschiert,GA",1.13,0.6,0,0
1,LT,02OG3BSKAB0020,450,350,-,-,-,-,-,-,-,-,500,P,-,-,-,-,-,-,-,-,-,-,-,-,V20,V20,-,-,-,1,"Blech verzinkt,BV","Glaswolle Alu kaschiert,GA",1.0,0.6,0,0
1,LT,02OG3BSKZU0010,450,375,-,-,-,-,-,-,-,-,600,P,-,-,-,-,-,-,-,-,-,-,-,-,V20,V20,-,-,-,1,"Blech verzinkt,BV","Glaswolle Alu kaschiert,GA",1.13,0.6,0,0
1,LT,02OG3BSKZU0020,450,450,-,-,-,-,-,-,-,-,600,P,-,-,-,-,-,-,-,-,-,-,-,-,V20,V20,-,-,-,1.08,"Blech verzinkt,BV","Glaswolle Alu kaschiert,GA",1.22,0.6,0,0
1,LT,02OG3BSKZU0030,450,500,-,-,-,-,-,-,-,-,430,P,-,-,-,-,-,-,-,-,-,-,-,-,V30,V20,-,-,-,1,"Blech verzinkt,BV","Glaswolle Alu kaschiert,GA",1.0,0.6,0,0
1,LT,02OG3BSKZU0040,450,400,-,-,-,-,-,-,-,-,430,P,-,-,-,-,-,-,-,-,-,-,-,-,V30,V20,-,-,-,1,"Blech verzinkt,BV","Glaswolle Alu kaschiert,GA",1.0,0.6,0,0
1,LT,02OG3EKAB0010,400,450,-,-,-,-,-,-,-,-,680,P,-,-,-,-,-,-,-,-,-,-,-,-,V20,V20,-,-,-,1.16,"Blech verzinkt,BV","Glaswolle Alu kaschiert,GA",1.32,0.6,0,0
1,LT,02OG3EKAB0020,450,400,-,-,-,-,-,-,-,-,500,P,-,-,-,-,-,-,-,-,-,-,-,-,V20,V20,-,-,-,1,"Blech verzinkt,BV","Glaswolle Alu kaschiert,GA",1.0,0.6,0,0
1,LT,03O3AB0006,400,200,-,-,-,-,-,-,-,-,400,-,-,-,-,-,-,-,-,-,-,-,-,-,V20,V20,-,-,-,1,"Blech verzinkt,BV","Glaswolle Alu kaschiert,GA",1.0,0.6,0,0
1,LT,03O3AB0009,250,450,-,-,-,-,-,-,-,-,730,-,-,-,-,-,-,-,-,-,-,-,-,-,V30,V20,-,-,-,1.02,"Blech verzinkt,BV","Glaswolle Alu kaschiert,GA",1.2,0.6,0,0
1,LT,03O3AB0012,450,250,-,-,-,-,-,-,-,-,549,-,-,-,-,-,-,-,-,-,-,-,-,-,V20,V20,-,-,-,1,"Blech verzinkt,BV","Glaswolle Alu kaschiert,GA",1.0,0.6,0,0
1,LT,03O3AB0014,450,250,-,-,-,-,-,-,-,-,150,-,-,-,-,-,-,-,-,-,-,-,-,-,V20,V20,-,-,-,1,"Blech verzinkt,BV","Glaswolle Alu kaschiert,GA",1.0,0.6,0,0
1,LT,03O3AB0016,450,250,-,-,-,-,-,-,-,-,453,-,-,-,-,-,-,-,-,-,-,-,-,-,V20,V20,-,-,-,1,"Blech verzinkt,BV","Glaswolle Alu kaschiert,GA",1.0,0.6,0,0
1,LT,03O3AB0022,500,250,-,-,-,-,-,-,-,-,566,-,-,-,-,-,-,-,-,-,-,-,-,-,V20,V20,-,-,-,1,"Blech verzinkt,BV","Glaswolle Alu kaschiert,GA",1.0,0.6,0,0
1,LT,03O3AB0026,400,200,-,-,-,-,-,-,-,-,500,-,-,-,-,-,-,-,-,-,-,-,-,-,V20,V20,-,-,-,1,"Blech verzinkt,BV","Glaswolle Alu kaschiert,GA",1.0,0.6,0,0
1,LT,03O3AU0003,800,1500,-,-,-,-,-,-,-,-,415,-,-,-,-,-,-,-,-,-,-,-,-,-,V30,V30,-,-,-,1.91,"Blech verzinkt,BV","Glaswolle Alu kaschiert,GA",2.01,1.0,0,0
1,LT,03O3AU0007,900,800,-,-,-,-,-,-,-,-,790,-,-,-,-,-,-,-,-,-,-,-,-,-,V30,V30,-,-,-,2.69,"Blech verzinkt,BV","Glaswolle Alu kaschiert,GA",2.88,0.8,0,0
1,LT,03O3FO0007,1200,600,-,-,-,-,-,-,-,-,790,-,-,-,-,-,-,-,-,-,-,-,-,-,V30,V30,-,-,-,2.85,"Blech verzinkt,BV","Glaswolle Alu kaschiert,GA",3.04,1.0,0,0
1,LT,03O3ZU0003,250,450,-,-,-,-,-,-,-,-,555,-,-,-,-,-,-,-,-,-,-,-,-,-,V20,V20,-,-,-,1,"Blech verzinkt,BV","Glaswolle Alu kaschiert,GA",1.0,0.6,0,0
1,LT,03O3ZU0007,400,200,-,-,-,-,-,-,-,-,400,-,-,-,-,-,-,-,-,-,-,-,-,-,V20,V20,-,-,-,1,"Blech verzinkt,BV","Glaswolle Alu kaschiert,GA",1.0,0.6,0,0
1,LT,03O3ZU0009,250,450,-,-,-,-,-,-,-,-,679,-,-,-,-,-,-,-,-,-,-,-,-,-,V20,V30,-,-,-,1,"Blech verzinkt,BV","Glaswolle Alu kaschiert,GA",1.11,0.6,0,0
1,LT,03O3ZU0014,450,250,-,-,-,-,-,-,-,-,900,-,-,-,-,-,-,-,-,-,-,-,-,-,V20,V20,-,-,-,1.26,"Blech verzinkt,BV","Glaswolle Alu kaschiert,GA",1.48,0.6,0,0
1,LT,03O3ZU0024,400,200,-,-,-,-,-,-,-,-,500,-,-,-,-,-,-,-,-,-,-,-,-,-,V30,V20,-,-,-,1,"Blech verzinkt,BV","Glaswolle Alu kaschiert,GA",1.0,0.6,0,0
1,LT,03O3ZU0027,450,250,-,-,-,-,-,-,-,-,569,-,-,-,-,-,-,-,-,-,-,-,-,-,V20,V30,-,-,-,1,"Blech verzinkt,BV","Glaswolle Alu kaschiert,GA",1.0,0.6,0,0
1,LT,03OG3BSKAB0030,250,450,-,-,-,-,-,-,-,-,300,-,-,-,-,-,-,-,-,-,-,-,-,-,V30,V20,-,-,-,1,"Blech verzinkt,BV","Glaswolle Alu kaschiert,GA",1.0,0.6,0,0
1,LT,03OG3BSKZU0030,250,450,-,-,-,-,-,-,-,-,600,P,-,-,-,-,-,-,-,-,-,-,-,-,V30,V20,-,-,-,1,"Blech verzinkt,BV","Glaswolle Alu kaschiert,GA",1.0,0.6,0,0
1,LT,07O3AB0002,600,600,-,-,-,-,-,-,-,-,240,-,-,-,-,-,-,-,-,-,-,-,-,-,V20,V20,-,-,-,1,"Blech verzinkt,BV","Glaswolle Alu kaschiert,GA",1.0,0.8,0,0
1,RA,02O3ENT0011,800,600,-,630,11,-,-85,-,-,-,400,-,35,-,50,-,-,-,-,-,-,-,-,-,V20,-,-,-,-,1.15,"Blech verzinkt,BV","Glaswolle Alu kaschiert,GA",1.24,0.8,0,0
1,RS,01O3AB0008,250,300,-,250,-25,-,0,-,-,-,350,-,50,-,35,-,-,-,-,-,-,-,-,-,V20,-,-,-,-,1,"Blech verzinkt,BV","Glaswolle Alu kaschiert,GA",1.0,0.6,0,0
1,RS,01O3AB0013,250,250,-,180,-35,-,-35,-,-,-,250,-,50,-,35,-,-,-,-,-,-,-,-,-,V20,-,-,-,-,1,"Blech verzinkt,BV","Glaswolle Alu kaschiert,GA",1.0,0.6,0,0
1,RS,01O3AB0014,250,250,-,250,0,-,0,-,-,-,300,-,50,-,35,-,-,-,-,-,-,-,-,-,V20,-,-,-,-,1,"Blech verzinkt,BV","Glaswolle Alu kaschiert,GA",1.0,0.6,0,0
1,RS,01O3ZU0008,100,300,-,160,-70,-,30,-,-,-,250,-,35,-,50,-,-,-,-,-,-,-,-,-,V20,-,-,-,-,1,"Blech verzinkt,BV","Glaswolle Alu kaschiert,GA",1.0,0.6,0,0
1,RS,01O3ZU0024,125,250,-,160,-45,-,18,-,-,-,300,-,50,-,35,-,-,-,-,-,-,-,-,-,V20,-,-,-,-,1,"Blech verzinkt,BV","Glaswolle Alu kaschiert,GA",1.0,0.6,0,0
1,RS,02O3ENT0012,840,750,-,630,-60,-,-105,-,-,-,500,-,35,-,50,-,-,-,-,-,-,-,-,-,V20,-,-,-,-,1.62,"Blech verzinkt,BV","Glaswolle Alu kaschiert,GA",1.75,0.8,0,0
1,TG,01O3AB0007,300,250,300,250,-,-,-,-,300,600,900,-,150,-,150,-,120,-,-,-,-,-,-,-,V20,V20,V30,-,-,1.26,"Blech verzinkt,BV","Glaswolle Alu kaschiert,GA",1.45,0.8,0,0
1,TG,01O3AB0012,250,250,250,250,-,-,-,-,250,300,600,-,150,-,150,-,120,-,-,-,-,-,-,-,V20,V20,V20,-,-,1,"Blech verzinkt,BV","Glaswolle Alu kaschiert,GA",1.0,0.6,0,0
1,TG,01O3ZU0004,800,400,800,250,-,-,-,-,800,600,900,-,300,-,150,-,120,-,-,-,-,-,-,-,V20,V20,V20,-,-,3,"Blech verzinkt,BV","Glaswolle Alu kaschiert,GA",3.2,0.8,0,0
1,TG,01O3ZU0023,250,600,250,600,-,-,-,-,250,125,460,-,150,-,150,-,120,-,-,-,-,-,-,-,V20,V20,V20,-,-,1,"Blech verzinkt,BV","Glaswolle Alu kaschiert,GA",1.01,0.8,0,0
1,TG,02O3AB0002,900,840,900,840,-,-,-,-,900,800,1100,-,150,-,150,-,120,-,-,-,-,-,-,-,V20,V20,V20,-,-,4.34,"Blech verzinkt,BV","Glaswolle Alu kaschiert,GA",4.53,0.8,0,0
1,TG,02O3AU0013,800,700,800,700,-,-,-,-,800,1000,1100,-,50,-,50,-,0,-,-,-,-,-,-,-,V20,V20,V20,-,-,3.48,"Blech verzinkt,BV","Glaswolle Alu kaschiert,GA",3.64,0.8,0,0
1,TG,02O3AU0015,800,700,800,700,-,-,-,-,800,1000,1100,-,50,-,50,-,0,-,-,-,-,-,-,-,V20,V20,V20,-,-,3.48,"Blech verzinkt,BV","Glaswolle Alu kaschiert,GA",3.64,0.8,0,0
1,TG,02O3AU0017,800,700,800,700,-,-,-,-,800,1000,1100,-,50,-,50,-,0,-,-,-,-,-,-,-,V20,V20,V20,-,-,3.48,"Blech verzinkt,BV","Glaswolle Alu kaschiert,GA",3.64,0.8,0,0
1,TG,02O3FO0019,800,700,800,700,-,-,-,-,800,1000,1100,-,50,-,50,-,0,-,-,-,-,-,-,-,V20,V20,V20,-,-,3.48,"Blech verzinkt,BV","Glaswolle Alu kaschiert,GA",3.64,0.8,0,0
1,TG,02O3FO0021,800,700,800,700,-,-,-,-,800,1000,1100,-,50,-,50,-,0,-,-,-,-,-,-,-,V20,V20,V20,-,-,3.48,"Blech verzinkt,BV","Glaswolle Alu kaschiert,GA",3.64,0.8,0,0
1,TG,02O3FO0023,800,700,800,700,-,-,-,-,800,1000,1100,-,50,-,50,-,0,-,-,-,-,-,-,-,V20,V20,V20,-,-,3.48,"Blech verzinkt,BV","Glaswolle Alu kaschiert,GA",3.64,0.8,0,0
1,TG,02O3ZU0007,800,450,800,450,-,-,-,-,800,500,800,-,150,-,150,-,120,-,-,-,-,-,-,-,V20,V20,V20,-,-,2.39,"Blech verzinkt,BV","Glaswolle Alu kaschiert,GA",2.53,0.8,0,0
1,TG,03O3AU0004,800,1500,800,1500,-,-,-,-,800,600,700,-,50,-,50,-,0,-,-,-,-,-,-,-,V30,V30,V20,-,-,3.36,"Blech verzinkt,BV","Glaswolle Alu kaschiert,GA",3.45,1.0,0,0
1,TG,03O3AU0006,800,900,800,900,-,-,-,-,800,600,700,-,50,-,50,-,0,-,-,-,-,-,-,-,V30,V30,V20,-,-,2.52,"Blech verzinkt,BV","Glaswolle Alu kaschiert,GA",2.61,0.8,0,0
1,TG,03O3FO0004,600,1500,600,1500,-,-,-,-,600,600,700,-,50,-,50,-,0,-,-,-,-,-,-,-,V30,V30,V20,-,-,3.06,"Blech verzinkt,BV","Glaswolle Alu kaschiert,GA",3.16,1.0,0,0
1,TG,03O3FO0006,600,1200,600,1200,-,-,-,-,600,600,700,-,50,-,50,-,0,-,-,-,-,-,-,-,V30,V30,V20,-,-,2.64,"Blech verzinkt,BV","Glaswolle Alu kaschiert,GA",2.74,1.0,0,0
1,UA,-,500,600,500,700,-408,-,0,-,-,-,660,-,35,-,35,-,-,-,-,-,-,-,-,-,V20,V20,-,-,-,2,"Blech verzinkt,BV","Glaswolle Alu kaschiert,GA",2.2,0.8,0,0
1,UA,-,500,700,500,700,425,-,0,-,-,-,700,-,35,-,35,-,-,-,-,-,-,-,-,-,V20,V20,-,-,-,1.97,"Blech verzinkt,BV","Glaswolle Alu kaschiert,GA",2.16,0.8,0,0
3,UA,-,600,800,1200,800,0,-,325,-,-,-,290,-,35,-,35,-,-,-,-,-,-,-,-,-,V20,V30,-,-,-,1.74,"Blech verzinkt,BV","Glaswolle Alu kaschiert,GA",1.85,1.0,0,0
1,UA,-,800,450,800,1100,116,-,5,-,-,-,233,-,35,-,35,-,-,-,-,-,-,-,-,-,V20,V30,-,-,-,2.21,"Blech verzinkt,BV","Glaswolle Alu kaschiert,GA",2.35,1.0,0,0
1,UA,-,800,1050,800,1300,0,-,0,-,-,-,401,-,50,-,50,-,-,-,-,-,-,-,-,-,V30,V30,-,-,-,1.99,"Blech verzinkt,BV","Glaswolle Alu kaschiert,GA",2.1,1.0,0,0
1,UA,-,800,1050,800,1300,250,-,0,-,-,-,401,-,50,-,50,-,-,-,-,-,-,-,-,-,V30,V30,-,-,-,1.99,"Blech verzinkt,BV","Glaswolle Alu kaschiert,GA",2.1,1.0,0,0
1,UA,-,875,800,500,600,-69,-,-342,-,-,-,437,-,35,-,35,-,-,-,-,-,-,-,-,-,V20,V20,-,-,-,1.86,"Blech verzinkt,BV","Glaswolle Alu kaschiert,GA",1.99,0.8,0,0
2,UA,-,1150,800,600,600,-100,-,-100,-,-,-,340,-,35,-,35,-,-,-,-,-,-,-,-,-,V30,V20,-,-,-,2.2,"Blech verzinkt,BV","Glaswolle Alu kaschiert,GA",2.33,1.0,0,0
3,UA,-,1150,800,600,600,-100,-,-250,-,-,-,290,-,35,-,35,-,-,-,-,-,-,-,-,-,V30,V20,-,-,-,1.63,"Blech verzinkt,BV","Glaswolle Alu kaschiert,GA",1.73,1.0,0,0
1,UA,01O3AB0003,801,300,300,600,150,-,-238,-,-,-,720,-,35,-,35,-,-,-,-,-,-,-,-,-,V20,V20,-,-,-,1.69,"Blech verzinkt,BV","Glaswolle Alu kaschiert,GA",1.87,0.8,0,0
1,UA,01O3AU0002,450,654,450,600,-15,-,0,-,-,-,506,-,35,-,35,-,-,-,-,-,-,-,-,-,V20,V20,-,-,-,1.12,"Blech verzinkt,BV","Glaswolle Alu kaschiert,GA",1.24,0.8,0,0
1,UA,01O3FO0002,250,654,250,500,-228,-,-1,-,-,-,835,-,35,-,35,-,-,-,-,-,-,-,-,-,V20,V20,-,-,-,1.57,"Blech verzinkt,BV","Glaswolle Alu kaschiert,GA",1.77,0.8,0,0
1,UA,01O3ZU0006,400,800,300,600,0,-,-50,-,-,-,758,-,35,-,35,-,-,-,-,-,-,-,-,-,V20,V20,-,-,-,1.88,"Blech verzinkt,BV","Glaswolle Alu kaschiert,GA",2.07,0.8,0,0
1,UA,01O3ZU0009,375,375,500,300,-50,-,63,-,-,-,300,-,35,-,35,-,-,-,-,-,-,-,-,-,V20,V20,-,-,-,1,"Blech verzinkt,BV","Glaswolle Alu kaschiert,GA",1.0,0.6,0,0
1,UA,01O3ZU0019,375,375,375,375,0,-,0,-,-,-,476,-,35,-,35,-,-,-,-,-,-,-,-,-,V20,V30,-,-,-,1,"Blech verzinkt,BV","Glaswolle Alu kaschiert,GA",1.0,0.6,0,0
1,UA,01O3ZU0020,250,800,250,600,-200,-,0,-,-,-,742,-,35,-,35,-,-,-,-,-,-,-,-,-,V20,V20,-,-,-,1.61,"Blech verzinkt,BV","Glaswolle Alu kaschiert,GA",1.8,0.8,0,0
1,UA,01O3ZU0027,250,500,250,500,0,-,126,-,-,-,921,-,35,-,35,-,-,-,-,-,-,-,-,-,V20,V20,-,-,-,1.4,"Blech verzinkt,BV","Glaswolle Alu kaschiert,GA",1.62,0.6,0,0
1,UA,01O3ZU0037,500,250,350,350,100,-,-75,-,-,-,540,-,35,-,35,-,-,-,-,-,-,-,-,-,V20,V20,-,-,-,1,"Blech verzinkt,BV","Glaswolle Alu kaschiert,GA",1.0,0.6,0,0
1,UA,01O3ZU0042,350,350,350,350,0,-,200,-,-,-,600,-,35,-,35,-,-,-,-,-,-,-,-,-,V20,V20,-,-,-,1,"Blech verzinkt,BV","Glaswolle Alu kaschiert,GA",1.04,0.6,0,0
1,UA,01O3ZU0044,350,350,275,550,125,-,-155,-,-,-,495,-,35,-,35,-,-,-,-,-,-,-,-,-,V20,V20,-,-,-,1,"Blech verzinkt,BV","Glaswolle Alu kaschiert,GA",1.0,0.8,0,0
1,UA,02O3AB0010,450,500,400,400,-50,-,-50,-,-,-,350,-,35,-,35,-,-,-,-,-,-,-,-,-,V20,V20,-,-,-,1,"Blech verzinkt,BV","Glaswolle Alu kaschiert,GA",1.0,0.6,0,0
1,UA,02O3AB0013,400,500,600,500,0,-,0,-,-,-,300,-,35,-,35,-,-,-,-,-,-,-,-,-,V20,V20,-,-,-,1,"Blech verzinkt,BV","Glaswolle Alu kaschiert,GA",1.0,0.8,0,0
1,UA,02O3AB0015,500,600,450,400,-223,-,-61,-,-,-,419,-,35,-,35,-,-,-,-,-,-,-,-,-,V30,V20,-,-,-,1.04,"Blech verzinkt,BV","Glaswolle Alu kaschiert,GA",1.16,0.8,0,0
1,UA,02O3AB0022,500,400,500,450,25,-,0,-,-,-,500,-,35,-,35,-,-,-,-,-,-,-,-,-,V20,V30,-,-,-,1,"Blech verzinkt,BV","Glaswolle Alu kaschiert,GA",1.07,0.6,0,0
1,UA,02O3AB0024,500,450,450,375,32,-,-61,-,-,-,644,-,35,-,35,-,-,-,-,-,-,-,-,-,V30,V30,-,-,-,1.24,"Blech verzinkt,BV","Glaswolle Alu kaschiert,GA",1.4,0.6,0,0
1,UA,02O3AB0031,450,400,500,450,0,-,50,-,-,-,575,-,35,-,35,-,-,-,-,-,-,-,-,-,V20,V20,-,-,-,1.1,"Blech verzinkt,BV","Glaswolle Alu kaschiert,GA",1.24,0.6,0,0
1,UA,02O3AB0033,400,450,450,500,50,-,0,-,-,-,500,-,35,-,35,-,-,-,-,-,-,-,-,-,V20,V30,-,-,-,1,"Blech verzinkt,BV","Glaswolle Alu kaschiert,GA",1.08,0.6,0,0
1,UA,02O3AB0042,450,400,450,400,-7,-,7,-,-,-,562,-,35,-,35,-,-,-,-,-,-,-,-,-,V20,V30,-,-,-,1,"Blech verzinkt,BV","Glaswolle Alu kaschiert,GA",1.09,0.6,0,0
1,UA,02O3AB0050,450,500,400,400,-50,-,-50,-,-,-,550,-,35,-,35,-,-,-,-,-,-,-,-,-,V20,V20,-,-,-,1.05,"Blech verzinkt,BV","Glaswolle Alu kaschiert,GA",1.18,0.6,0,0
1,UA,02O3AB0052,400,400,600,500,0,-,100,-,-,-,575,-,35,-,35,-,-,-,-,-,-,-,-,-,V20,V20,-,-,-,1.28,"Blech verzinkt,BV","Glaswolle Alu kaschiert,GA",1.42,0.8,0,0
1,UA,02O3AB0055a,500,450,500,500,0,-,0,-,-,-,300,-,35,-,35,-,-,-,-,-,-,-,-,-,V20,V20,-,-,-,1,"Blech verzinkt,BV","Glaswolle Alu kaschiert,GA",1.0,0.6,0,0
1,UA,02O3AB0061,450,500,450,400,-67,-,-5,-,-,-,512,-,35,-,35,-,-,-,-,-,-,-,-,-,V20,V20,-,-,-,1,"Blech verzinkt,BV","Glaswolle Alu kaschiert,GA",1.1,0.6,0,0
1,UA,02O3AU0002,500,1200,500,1266,66,-,0,-,-,-,613,-,35,-,35,-,-,-,-,-,-,-,-,-,V30,V30,-,-,-,2.18,"Blech verzinkt,BV","Glaswolle Alu kaschiert,GA",2.33,1.0,0,0
1,UA,02O3AU0005,500,700,500,600,-208,-,0,-,-,-,660,-,35,-,35,-,-,-,-,-,-,-,-,-,V20,V20,-,-,-,1.66,"Blech verzinkt,BV","Glaswolle Alu kaschiert,GA",1.83,0.8,0,0
1,UA,02O3AU0006,500,700,500,700,175,-,0,-,-,-,650,-,35,-,35,-,-,-,-,-,-,-,-,-,V20,V20,-,-,-,1.62,"Blech verzinkt,BV","Glaswolle Alu kaschiert,GA",1.78,0.8,0,0
1,UA,02O3AU0009,500,700,500,700,-475,-,0,-,-,-,650,-,35,-,35,-,-,-,-,-,-,-,-,-,V20,V20,-,-,-,1.93,"Blech verzinkt,BV","Glaswolle Alu kaschiert,GA",2.13,0.8,0,0
1,UA,02O3ENT0004,450,800,450,800,346,-,0,-,-,-,1103,-,35,-,35,-,-,-,-,-,-,-,-,-,V20,V20,-,-,-,2.89,"Blech verzinkt,BV","Glaswolle Alu kaschiert,GA",3.17,0.8,0,0
1,UA,02O3FO0002,500,1266,500,1400,133,-,0,-,-,-,480,-,35,-,35,-,-,-,-,-,-,-,-,-,V30,V30,-,-,-,1.89,"Blech verzinkt,BV","Glaswolle Alu kaschiert,GA",2.01,1.0,0,0
1,UA,02O3FO0011,500,700,500,700,175,-,0,-,-,-,700,-,35,-,35,-,-,-,-,-,-,-,-,-,V20,V20,-,-,-,1.73,"Blech verzinkt,BV","Glaswolle Alu kaschiert,GA",1.9,0.8,0,0
1,UA,02O3FO0012,500,700,500,700,-175,-,0,-,-,-,700,-,35,-,35,-,-,-,-,-,-,-,-,-,V20,V30,-,-,-,1.73,"Blech verzinkt,BV","Glaswolle Alu kaschiert,GA",1.9,0.8,0,0
1,UA,02O3FO0015,500,700,500,700,425,-,0,-,-,-,700,-,35,-,35,-,-,-,-,-,-,-,-,-,V20,V30,-,-,-,1.97,"Blech verzinkt,BV","Glaswolle Alu kaschiert,GA",2.16,0.8,0,0
1,UA,02O3ZU0020,450,500,400,400,-50,-,-50,-,-,-,350,-,35,-,35,-,-,-,-,-,-,-,-,-,V20,V20,-,-,-,1,"Blech verzinkt,BV","Glaswolle Alu kaschiert,GA",1.0,0.6,0,0
1,UA,02O3ZU0023,500,400,500,600,0,-,0,-,-,-,250,-,35,-,35,-,-,-,-,-,-,-,-,-,V20,V20,-,-,-,1,"Blech verzinkt,BV","Glaswolle Alu kaschiert,GA",1.0,0.8,0,0
1,UA,02O3ZU0025,500,600,450,450,-186,-,-61,-,-,-,361,-,35,-,35,-,-,-,-,-,-,-,-,-,V30,V30,-,-,-,1,"Blech verzinkt,BV","Glaswolle Alu kaschiert,GA",1.0,0.8,0,0
1,UA,02O3ZU0031,450,400,450,400,-138,-,0,-,-,-,622,-,35,-,35,-,-,-,-,-,-,-,-,-,V20,V20,-,-,-,1.08,"Blech verzinkt,BV","Glaswolle Alu kaschiert,GA",1.24,0.6,0,0
1,UA,02O3ZU0033,500,400,500,450,50,-,0,-,-,-,250,-,35,-,35,-,-,-,-,-,-,-,-,-,V20,V20,-,-,-,1,"Blech verzinkt,BV","Glaswolle Alu kaschiert,GA",1.0,0.6,0,0
1,UA,02O3ZU0035,500,450,450,375,22,-,-61,-,-,-,361,-,35,-,35,-,-,-,-,-,-,-,-,-,V30,V30,-,-,-,1,"Blech verzinkt,BV","Glaswolle Alu kaschiert,GA",1.0,0.6,0,0
1,UA,02O3ZU0041,450,500,400,400,-50,-,0,-,-,-,500,-,35,-,35,-,-,-,-,-,-,-,-,-,V20,V20,-,-,-,1,"Blech verzinkt,BV","Glaswolle Alu kaschiert,GA",1.08,0.6,0,0
1,UA,02O3ZU0043,400,400,500,600,0,-,50,-,-,-,500,-,35,-,35,-,-,-,-,-,-,-,-,-,V20,V20,-,-,-,1.18,"Blech verzinkt,BV","Glaswolle Alu kaschiert,GA",1.31,0.8,0,0
1,UA,02O3ZU0045,500,600,500,450,0,-,0,-,-,-,500,-,35,-,35,-,-,-,-,-,-,-,-,-,V30,V20,-,-,-,1.15,"Blech verzinkt,BV","Glaswolle Alu kaschiert,GA",1.27,0.8,0,0
1,UA,02O3ZU0055,450,500,450,500,12,-,-5,-,-,-,537,-,35,-,35,-,-,-,-,-,-,-,-,-,V20,V30,-,-,-,1.02,"Blech verzinkt,BV","Glaswolle Alu kaschiert,GA",1.15,0.6,0,0
1,UA,02O3ZU0074,450,400,450,400,37,-,1,-,-,-,497,-,35,-,35,-,-,-,-,-,-,-,-,-,V20,V20,-,-,-,1,"Blech verzinkt,BV","Glaswolle Alu kaschiert,GA",1.0,0.6,0,0
1,UA,03O3AB0001,450,250,450,250,0,-,13,-,-,-,630,-,35,-,35,-,-,-,-,-,-,-,-,-,V30,V30,-,-,-,1,"Blech verzinkt,BV","Glaswolle Alu kaschiert,GA",1.03,0.6,0,0
1,UA,03O3AB0003,450,250,500,325,0,-,0,-,-,-,395,-,35,-,35,-,-,-,-,-,-,-,-,-,V20,V20,-,-,-,1,"Blech verzinkt,BV","Glaswolle Alu kaschiert,GA",1.0,0.6,0,0
1,UA,03O3AB0005,500,325,400,200,-25,-,0,-,-,-,300,-,35,-,35,-,-,-,-,-,-,-,-,-,V20,V20,-,-,-,1,"Blech verzinkt,BV","Glaswolle Alu kaschiert,GA",1.0,0.6,0,0
1,UA,03O3AB0007,250,450,200,400,-25,-,-50,-,-,-,355,-,35,-,35,-,-,-,-,-,-,-,-,-,V20,V30,-,-,-,1,"Blech verzinkt,BV","Glaswolle Alu kaschiert,GA",1.0,0.6,0,0
1,UA,03O3AB0023,250,500,325,500,0,-,0,-,-,-,200,-,35,-,35,-,-,-,-,-,-,-,-,-,V20,V20,-,-,-,1,"Blech verzinkt,BV","Glaswolle Alu kaschiert,GA",1.0,0.6,0,0
1,UA,03O3AB0025,325,500,400,200,-50,-,0,-,-,-,500,-,35,-,35,-,-,-,-,-,-,-,-,-,V20,V20,-,-,-,1,"Blech verzinkt,BV","Glaswolle Alu kaschiert,GA",1.06,0.6,0,0
1,UA,03O3AB0027,400,200,450,250,25,-,0,-,-,-,300,-,35,-,35,-,-,-,-,-,-,-,-,-,V20,V30,-,-,-,1,"Blech verzinkt,BV","Glaswolle Alu kaschiert,GA",1.0,0.6,0,0
1,UA,03O3AU0005,1500,800,900,800,0,-,-600,-,-,-,550,-,35,-,35,-,-,-,-,-,-,-,-,-,V30,V30,-,-,-,3.74,"Blech verzinkt,BV","Glaswolle Alu kaschiert,GA",3.94,1.0,0,0
1,UA,03O3FO0003,800,1500,600,1500,0,-,-90,-,-,-,459,-,35,-,35,-,-,-,-,-,-,-,-,-,V30,V30,-,-,-,2.17,"Blech verzinkt,BV","Glaswolle Alu kaschiert,GA",2.28,1.0,0,0
1,UA,03O3FO0005,1500,600,1200,600,0,-,-300,-,-,-,550,-,35,-,35,-,-,-,-,-,-,-,-,-,V30,V30,-,-,-,2.63,"Blech verzinkt,BV","Glaswolle Alu kaschiert,GA",2.78,1.0,0,0
1,UA,03O3ZU0002,450,250,450,250,0,-,-19,-,-,-,593,-,35,-,35,-,-,-,-,-,-,-,-,-,V20,V20,-,-,-,1,"Blech verzinkt,BV","Glaswolle Alu kaschiert,GA",1.0,0.6,0,0
1,UA,03O3ZU0004,250,450,325,500,0,-,0,-,-,-,395,-,35,-,35,-,-,-,-,-,-,-,-,-,V20,V20,-,-,-,1,"Blech verzinkt,BV","Glaswolle Alu kaschiert,GA",1.0,0.6,0,0
1,UA,03O3ZU0006,325,500,200,400,-100,-,-100,-,-,-,300,-,35,-,35,-,-,-,-,-,-,-,-,-,V30,V30,-,-,-,1,"Blech verzinkt,BV","Glaswolle Alu kaschiert,GA",1.0,0.6,0,0
1,UA,03O3ZU0008,200,400,250,450,0,-,25,-,-,-,300,-,35,-,35,-,-,-,-,-,-,-,-,-,V20,V20,-,-,-,1,"Blech verzinkt,BV","Glaswolle Alu kaschiert,GA",1.0,0.6,0,0
1,UA,03O3ZU0015,450,250,250,400,0,-,0,-,-,-,400,-,35,-,35,-,-,-,-,-,-,-,-,-,V20,V20,-,-,-,1,"Blech verzinkt,BV","Glaswolle Alu kaschiert,GA",1.0,0.6,0,0
1,UA,03O3ZU0021,250,500,325,500,0,-,0,-,-,-,200,-,35,-,35,-,-,-,-,-,-,-,-,-,V20,V20,-,-,-,1,"Blech verzinkt,BV","Glaswolle Alu kaschiert,GA",1.0,0.6,0,0
1,UA,03O3ZU0023,325,500,400,200,-250,-,0,-,-,-,500,-,35,-,35,-,-,-,-,-,-,-,-,-,V20,V20,-,-,-,1,"Blech verzinkt,BV","Glaswolle Alu kaschiert,GA",1.06,0.6,0,0
1,UA,03O3ZU0025,400,200,450,250,25,-,0,-,-,-,300,-,35,-,35,-,-,-,-,-,-,-,-,-,V20,V30,-,-,-,1,"Blech verzinkt,BV","Glaswolle Alu kaschiert,GA",1.0,0.6,0,0
1,UA,06O3AB0001_MP,600,600,700,600,194,-,-282,-,-,-,909,-,35,-,35,-,-,-,-,-,-,-,-,-,V20,V20,-,-,-,2.56,"Blech verzinkt,BV","Glaswolle Alu kaschiert,GA",2.8,0.8,0,0
1,UA,06O3ZU0001_MP,600,600,700,600,229,-,-282,-,-,-,932,-,35,-,35,-,-,-,-,-,-,-,-,-,V20,V30,-,-,-,2.62,"Blech verzinkt,BV","Glaswolle Alu kaschiert,GA",2.86,0.8,0,0
1,UA,07O3AB0001,600,600,700,600,-269,-,-229,-,-,-,878,-,35,-,35,-,-,-,-,-,-,-,-,-,V20,V20,-,-,-,2.44,"Blech verzinkt,BV","Glaswolle Alu kaschiert,GA",2.66,0.8,0,0
1,UA,07O3ZU0001,600,600,700,600,269,-,329,-,-,-,828,-,35,-,35,-,-,-,-,-,-,-,-,-,V20,V20,-,-,-,2.32,"Blech verzinkt,BV","Glaswolle Alu kaschiert,GA",2.53,0.8,0,0
1,UA,07O3ZU0002,965,600,600,600,0,-,0,-,-,-,500,-,35,-,35,-,-,-,-,-,-,-,-,-,V30,V20,-,-,-,1.94,"Blech verzinkt,BV","Glaswolle Alu kaschiert,GA",2.09,0.8,0,0
1,US,-,450,250,450,250,-,-,-,-,-,-,600,-,35,-,35,-,-,-,-,-,-,-,-,-,V20,V20,-,-,-,1,"Blech verzinkt,BV","Glaswolle Alu kaschiert,GA",1.0,0.6,0,0
6,US,-,800,1200,800,1000,-,-,-,-,-,-,200,-,35,-,35,-,-,-,-,-,-,-,-,-,V30,V20,-,-,-,1,"Blech verzinkt,BV","Glaswolle Alu kaschiert,GA",1.0,1.0,0,0
1,US,02O3ZU0062,400,450,500,450,-,-,-,-,-,-,500,-,35,-,35,-,-,-,-,-,-,-,-,-,V20,V20,-,-,-,1,"Blech verzinkt,BV","Glaswolle Alu kaschiert,GA",1.08,0.6,0,0
1,US,02O3ZU0064,500,450,400,450,-,-,-,-,-,-,500,-,35,-,35,-,-,-,-,-,-,-,-,-,V30,V20,-,-,-,1,"Blech verzinkt,BV","Glaswolle Alu kaschiert,GA",1.08,0.6,0,0
1,US,03O3AB0020,450,250,450,250,-,-,-,-,-,-,600,-,35,-,35,-,-,-,-,-,-,-,-,-,V20,V20,-,-,-,1,"Blech verzinkt,BV","Glaswolle Alu kaschiert,GA",1.0,0.6,0,0
1,WS,03O3AU0002,1500,800,-,-,100,-,100,-,-,-,-,-,-,-,-,-,-,-,-,-,-,-,-,-,V30,V30,-,-,-,8.28,"Blech verzinkt,BV","Glaswolle Alu kaschiert,GA",9.0,1.0,0,0
1,WS,03O3FO0002,1500,800,-,-,100,-,100,-,-,-,-,-,-,-,-,-,-,-,-,-,-,-,-,-,V30,V30,-,-,-,8.28,"Blech verzinkt,BV","Glaswolle Alu kaschiert,GA",9.0,1.0,0,0
